time,open,high,low,close,volume,return
2019-10-07,20.52,20.67,20.05,20.05,2371810,
2019-10-08,20.05,20.3,19.94,20.27,1337220,0.010972568578553554
2019-10-09,20.34,20.59,20.16,20.38,937530,0.005426739023187022
2019-10-10,20.45,20.59,20.38,20.38,808000,0.0
2019-10-11,20.48,20.56,20.38,20.41,794420,0.0014720314033367377
2019-10-14,20.59,21.03,20.52,20.85,2231030,0.02155805977462033
2019-10-15,20.88,20.88,20.74,20.74,663910,-0.005275779376498924
2019-10-16,20.88,20.95,20.74,20.77,829050,0.0014464802314368974
2019-10-17,20.74,20.77,20.45,20.48,1621590,-0.013962445835339343
2019-10-18,20.52,20.81,20.45,20.63,1447340,0.00732421875
2019-10-21,20.74,20.74,20.34,20.41,1260490,-0.010664081434803574
2019-10-22,20.41,20.45,20.12,20.34,1534380,-0.003429691327780482
2019-10-23,20.23,20.59,20.23,20.38,747810,0.001966568338249708
2019-10-24,20.52,21.03,20.38,21.03,2233890,0.03189401373895984
2019-10-25,21.06,21.14,20.85,20.95,1355310,-0.003804089396100885
2019-10-28,20.95,21.24,20.88,20.99,1494820,0.0019093078758949389
2019-10-29,21.03,21.06,20.88,20.92,953020,-0.0033349213911384457
2019-10-30,20.92,20.99,20.81,20.88,1102070,-0.0019120458891014325
2019-10-31,20.95,21.21,20.88,20.92,1263390,0.0019157088122607746
2019-11-01,20.95,21.21,20.81,21.14,1732950,0.010516252390057268
2019-11-04,21.21,21.86,21.21,21.64,5811560,0.023651844843897818
2019-11-05,21.71,21.71,21.46,21.6,1239520,-0.001848428835489746
2019-11-06,21.6,21.82,21.5,21.5,1551610,-0.00462962962962965
2019-11-07,21.5,21.64,21.39,21.5,1438030,0.0
2019-11-08,21.6,21.6,21.39,21.53,1219540,0.0013953488372093759
2019-11-11,21.57,21.89,21.5,21.68,2180490,0.0069670227589408995
2019-11-12,21.68,22.15,21.68,22.04,2842650,0.016605166051660403
2019-11-13,22.11,22.15,21.86,21.86,1333940,-0.008166969147005432
2019-11-14,21.86,22.04,20.77,21.06,4799390,-0.036596523330283626
2019-11-15,21.06,21.24,20.85,21.17,2568040,0.005223171889838785
2019-11-18,21.1,21.24,20.63,20.77,2794920,-0.018894662257912254
2019-11-19,20.77,21.06,20.77,21.06,1059770,0.013962445835339343
2019-11-20,21.03,21.03,20.45,20.52,2291760,-0.02564102564102555
2019-11-21,20.52,20.63,20.2,20.23,3303950,-0.014132553606237774
2019-11-22,20.34,20.63,20.05,20.23,1625820,0.0
2019-11-25,20.27,20.59,20.16,20.45,1087990,0.010874938210578389
2019-11-26,20.59,20.67,20.52,20.63,968690,0.008801955990219934
2019-11-27,20.67,20.74,20.56,20.59,812280,-0.0019389238972370437
2019-11-28,20.56,20.56,20.16,20.23,1370820,-0.01748421563865954
2019-11-29,20.23,20.52,20.16,20.38,739370,0.007414730598121588
2019-12-02,20.41,20.41,19.73,19.73,1992380,-0.031894013738959726
2019-12-03,19.58,19.94,19.26,19.69,1619120,-0.0020273694880891258
2019-12-04,19.69,20.05,19.51,20.02,932130,0.016759776536312776
2019-12-05,20.05,20.16,19.8,19.83,1144000,-0.009490509490509558
2019-12-06,19.87,20.02,19.76,19.87,556160,0.0020171457387798686
2019-12-09,19.94,20.16,19.87,19.98,700960,0.005535983895319507
2019-12-10,19.98,20.16,19.8,20.05,797100,0.003503503503503591
2019-12-11,20.05,20.45,19.94,20.41,877960,0.017955112219451452
2019-12-12,20.52,20.67,20.48,20.59,942410,0.00881920627143562
2019-12-13,20.67,20.77,20.56,20.63,1681700,0.0019426906265176402
2019-12-16,20.63,20.63,20.38,20.41,968130,-0.010664081434803574
2019-12-17,20.3,20.38,19.91,20.02,2211360,-0.019108280254777066
2019-12-18,20.02,20.23,19.87,20.05,1022490,0.0014985014985016143
2019-12-19,20.05,20.3,20.02,20.16,817820,0.005486284289276888
2019-12-20,20.23,20.48,20.16,20.41,777100,0.012400793650793718
2019-12-23,20.56,20.59,20.23,20.27,766000,-0.006859382655561075
2019-12-24,20.38,20.41,20.27,20.38,692100,0.005426739023187022
2019-12-25,20.38,20.92,20.38,20.77,1604350,0.019136408243375813
2019-12-26,20.88,20.99,20.74,20.74,1124500,-0.001444390948483476
2019-12-27,20.74,20.88,20.52,20.81,1004860,0.0033751205400192053
2019-12-30,20.88,21.28,20.81,21.17,2881060,0.01729937530033654
2019-12-31,21.17,21.21,20.95,21.06,689030,-0.0051960321209260085
2020-01-02,21.06,21.32,20.95,21.17,896720,0.005223171889838785
2020-01-03,21.28,21.35,20.74,20.81,2047880,-0.017005196032121028
2020-01-06,20.63,20.81,20.52,20.59,1091660,-0.01057184046131665
2020-01-07,20.7,20.99,20.59,20.99,837240,0.01942690626517729
2020-01-08,20.77,20.85,20.52,20.52,1814290,-0.022391615054787928
2020-01-09,20.7,20.85,20.63,20.81,967050,0.014132553606237774
2020-01-10,20.77,20.88,20.63,20.77,1018650,-0.001922152811148492
2020-01-13,20.74,20.81,20.59,20.63,786760,-0.006740491092922518
2020-01-14,20.63,20.74,20.59,20.59,721680,-0.0019389238972370437
2020-01-15,20.59,20.63,20.52,20.59,940870,0.0
2020-01-16,20.59,21.03,20.59,20.95,1942970,0.01748421563865943
2020-01-17,20.95,20.99,20.59,20.81,1388810,-0.006682577565632508
2020-01-20,20.77,20.95,20.67,20.74,1227100,-0.0033637674195098333
2020-01-21,20.88,20.95,20.05,20.05,4351820,-0.0332690453230472
2020-01-22,19.87,20.41,19.76,20.41,3165650,0.017955112219451452
2020-01-30,19.98,20.16,19.47,19.76,2638460,-0.031847133757961665
2020-01-31,19.51,19.83,18.79,18.79,4118150,-0.04908906882591102
2020-02-03,17.92,18.97,17.7,18.61,3602970,-0.009579563597658325
2020-02-04,18.93,18.93,18.43,18.71,1651440,0.005373455131649774
2020-02-05,18.9,19.08,18.79,18.79,1648620,0.00427578834847675
2020-02-06,18.97,19.36,18.71,19.36,1708550,0.030335284725917955
2020-02-07,19.15,19.33,19.08,19.26,1218660,-0.005165289256198191
2020-02-10,18.93,19.15,18.82,19.0,738090,-0.013499480789200491
2020-02-11,19.11,19.4,19.04,19.36,1085380,0.0189473684210526
2020-02-12,19.44,19.76,19.4,19.55,1104870,0.009814049586776896
2020-02-13,19.55,19.69,19.4,19.62,1030570,0.003580562659846631
2020-02-14,19.55,19.69,19.51,19.69,884240,0.0035677879714577365
2020-02-17,19.73,19.73,19.51,19.58,726390,-0.00558659217877111
2020-02-18,19.65,20.23,19.62,20.23,1760940,0.03319713993871298
2020-02-19,20.2,20.3,20.05,20.12,681250,-0.005437469105289194
2020-02-20,20.27,20.38,20.05,20.16,780810,0.001988071570576455
2020-02-21,20.2,20.2,19.76,19.76,1458040,-0.01984126984126977
2020-02-24,19.18,19.47,18.97,18.97,2261990,-0.03997975708502033
2020-02-25,18.82,19.51,18.79,19.51,1407720,0.028465998945703896
2020-02-26,19.29,19.94,19.15,19.87,3221270,0.018452075858534034
2020-02-27,19.87,20.41,19.73,20.23,2927040,0.018117765475591296
2020-02-28,19.87,20.12,19.73,19.91,2132200,-0.015818091942659485
2020-03-02,19.91,20.3,19.8,20.12,1787060,0.010547463586137562
2020-03-03,20.3,20.59,20.12,20.2,1193800,0.00397614314115291
2020-03-04,20.05,20.05,19.83,20.05,1660790,-0.007425742574257321
2020-03-05,20.05,20.2,19.73,19.73,1296450,-0.015960099750623402
2020-03-06,19.58,19.62,19.33,19.51,1305030,-0.01115053218449058
2020-03-09,18.5,18.79,18.17,18.17,4735140,-0.06868272680676579
2020-03-10,18.43,18.79,18.17,18.68,2030340,0.02806824435883315
2020-03-11,18.79,18.97,17.88,18.35,2753310,-0.017665952890792203
2020-03-12,17.56,17.81,17.09,17.38,3981670,-0.05286103542234344
2020-03-13,16.37,18.06,16.33,17.4,2919140,0.0011507479861909697
2020-03-16,17.4,17.96,17.16,17.2,1898960,-0.011494252873563204
2020-03-17,16.98,17.52,16.8,17.52,2474650,0.018604651162790642
2020-03-18,17.7,17.74,17.47,17.49,1642800,-0.00171232876712335
2020-03-19,17.2,17.38,17.2,17.23,1296590,-0.014865637507146867
2020-03-20,17.41,17.43,17.11,17.23,1291360,0.0
2020-03-23,16.66,16.94,16.04,16.04,2826690,-0.06906558328496815
2020-03-24,16.26,16.26,15.72,16.08,2191500,0.0024937655860348684
2020-03-25,16.62,16.76,16.31,16.62,2131790,0.03358208955223896
2020-03-26,16.44,16.56,15.97,15.97,2358310,-0.03910950661853185
2020-03-27,16.04,16.04,15.5,15.57,2633750,-0.02504696305572951
2020-03-30,14.63,14.85,14.49,14.6,2157690,-0.06229929351316643
2020-03-31,15.03,15.32,14.49,14.85,1663050,0.017123287671232834
2020-04-01,14.74,15.61,14.74,15.28,1453030,0.028956228956228847
2020-04-03,15.54,16.13,15.43,16.11,2072000,0.05431937172774859
2020-04-06,16.62,17.16,16.44,17.16,2718990,0.06517690875232773
2020-04-07,17.16,17.23,16.8,17.09,2463810,-0.004079254079254135
2020-04-08,16.66,17.0,16.53,16.93,1576670,-0.009362200117027486
2020-04-09,16.98,17.2,16.8,16.93,2142370,0.0
2020-04-10,16.84,16.98,16.58,16.76,1882020,-0.010041346721795574
2020-04-13,16.76,16.98,16.66,16.8,1255360,0.0023866348448686736
2020-04-14,17.2,17.88,16.98,17.88,4072050,0.06428571428571428
2020-04-15,18.24,18.35,18.01,18.1,2205200,0.012304250559284302
2020-04-16,17.96,18.35,17.81,18.17,1508480,0.003867403314917084
2020-04-17,18.5,18.53,18.14,18.5,2631630,0.018161805173362522
2020-04-20,18.75,18.79,18.32,18.53,2239780,0.001621621621621605
2020-04-21,18.24,18.39,17.67,17.81,3737050,-0.038855909336211636
2020-04-22,17.63,18.5,17.59,18.46,2445860,0.03649635036496357
2020-04-23,18.82,18.86,18.43,18.43,1363410,-0.0016251354279523955
2020-04-24,18.39,18.5,18.1,18.43,1411380,0.0
2020-04-27,18.61,18.61,18.24,18.32,1419750,-0.005968529571351078
2020-04-28,18.32,18.35,18.14,18.32,974310,0.0
2020-04-29,18.35,18.57,18.24,18.35,1349230,0.0016375545851528006
2020-05-04,18.14,18.39,17.99,18.24,895530,-0.005994550408719546
2020-05-05,18.35,18.43,18.21,18.39,677990,0.008223684210526327
2020-05-06,18.43,19.18,18.43,19.11,3470150,0.039151712887438794
2020-05-07,19.15,19.33,18.93,19.33,2030720,0.011512297226582868
2020-05-08,19.36,19.91,19.36,19.4,3585320,0.0036213140196585947
2020-05-11,19.51,19.65,19.26,19.51,2119430,0.005670103092783707
2020-05-12,19.51,19.65,19.36,19.65,2828190,0.007175807278318569
2020-05-13,20.1,20.97,20.06,20.89,6853810,0.06310432569974567
2020-05-14,20.72,20.78,20.53,20.61,2597400,-0.013403542364767929
2020-05-15,20.44,20.7,20.21,20.32,2430890,-0.014070839398350299
2020-05-18,20.1,20.46,20.06,20.46,2000950,0.006889763779527547
2020-05-19,20.82,21.04,20.57,20.85,2879030,0.019061583577712593
2020-05-20,20.74,20.74,20.55,20.7,1245380,-0.007194244604316613
2020-05-21,20.7,20.87,20.68,20.87,2007060,0.008212560386473555
2020-05-22,20.74,20.74,20.51,20.51,1731720,-0.017249640632486796
2020-05-25,20.51,20.57,20.23,20.51,2033000,0.0
2020-05-26,20.53,20.65,20.46,20.65,1615680,0.0068259385665527805
2020-05-27,20.7,20.91,20.32,20.32,2098580,-0.015980629539951496
2020-05-28,20.4,20.57,20.32,20.32,1194380,0.0
2020-05-29,20.32,20.36,20.1,20.29,1346170,-0.001476377952756014
2020-06-01,20.32,20.46,20.32,20.44,1298150,0.007392804337112091
2020-06-02,20.44,20.53,20.32,20.32,1456730,-0.005870841487279899
2020-06-03,20.32,20.72,20.27,20.59,1893060,0.013287401574803237
2020-06-04,20.7,20.7,20.49,20.49,1260060,-0.004856726566294434
2020-06-05,20.49,20.61,20.38,20.61,1236200,0.005856515373352966
2020-06-08,20.74,21.16,20.74,20.89,4113250,0.013585638039786518
2020-06-09,20.99,21.01,20.7,20.72,1491540,-0.0081378650071805
2020-06-10,20.74,20.74,20.49,20.65,1307540,-0.0033783783783783994
2020-06-11,20.65,20.65,19.47,19.47,4278060,-0.05714285714285716
2020-06-12,19.05,19.89,19.05,19.89,3145450,0.02157164869029282
2020-06-15,20.32,20.32,19.43,19.47,1207500,-0.021116138763197623
2020-06-16,19.72,19.81,19.6,19.72,1100730,0.012840267077555145
2020-06-17,19.77,19.79,19.58,19.62,788630,-0.0050709939148071426
2020-06-18,19.6,19.77,19.53,19.72,822980,0.0050968399592252744
2020-06-19,19.72,19.89,19.72,19.89,745470,0.008620689655172598
2020-06-22,19.89,19.89,19.83,19.89,787180,0.0
2020-06-23,19.87,20.49,19.79,20.13,1693730,0.012066365007541435
2020-06-24,20.27,20.29,19.91,19.98,607000,-0.007451564828613977
2020-06-25,19.74,19.94,19.72,19.81,730810,-0.008508508508508594
2020-06-26,19.81,19.96,19.77,19.83,602880,0.001009591115598063
2020-06-29,19.72,19.72,19.41,19.49,1281220,-0.017145738779626774
2020-06-30,19.53,19.64,19.22,19.32,1594210,-0.008722421754745913
2020-07-01,19.47,19.6,19.38,19.55,866660,0.011904761904761862
2020-07-02,19.6,19.6,19.45,19.53,539160,-0.001023017902813228
2020-07-03,19.68,19.68,19.51,19.58,529760,0.0025601638504861857
2020-07-06,19.68,19.87,19.6,19.81,1089910,0.011746680286006228
2020-07-07,19.89,20.27,19.89,20.08,2739150,0.013629480060575405
2020-07-08,20.02,20.27,20.02,20.19,1472610,0.005478087649402497
2020-07-09,20.27,20.49,20.23,20.46,2298900,0.013372956909361022
2020-07-10,20.36,20.42,20.1,20.23,1164310,-0.011241446725317683
2020-07-13,20.32,20.72,20.21,20.59,2662490,0.017795353435491768
2020-07-14,20.44,20.68,20.44,20.55,1549540,-0.0019426906265176402
2020-07-15,20.63,20.72,20.49,20.57,1516540,0.0009732360097323145
2020-07-16,20.55,20.63,20.49,20.57,1060530,0.0
2020-07-17,20.53,20.53,20.36,20.36,1313100,-0.010209042294603843
2020-07-20,20.36,20.4,20.04,20.06,2049680,-0.014734774066797685
2020-07-21,20.1,20.29,20.0,20.23,940230,0.008474576271186418
2020-07-22,20.32,20.32,20.02,20.06,817890,-0.008403361344537896
2020-07-23,20.06,20.21,19.94,20.21,918630,0.007477567298105781
2020-07-24,20.06,20.13,19.22,19.43,3170540,-0.0385947550717467
2020-07-27,19.05,19.43,18.45,18.5,3274350,-0.04786412763767367
2020-07-28,18.79,19.38,18.69,19.34,1953510,0.045405405405405386
2020-07-29,18.79,19.0,18.54,18.86,1554200,-0.024819027921406445
2020-07-30,18.88,19.11,18.88,19.11,612240,0.013255567338282148
2020-07-31,18.62,19.13,18.62,18.83,1106250,-0.014652014652014711
2020-08-03,18.88,19.43,18.83,19.43,1392200,0.03186404673393528
2020-08-04,19.68,19.81,19.55,19.7,1051310,0.013896037056098764
2020-08-05,19.68,19.96,19.58,19.89,1328520,0.009644670050761528
2020-08-06,19.89,20.0,19.77,19.81,1153660,-0.0040221216691805894
2020-08-07,19.81,20.23,19.81,19.94,1283690,0.006562342251388298
2020-08-10,20.04,20.23,19.94,19.98,1160370,0.0020060180541623396
2020-08-11,20.08,20.08,19.89,19.89,1209690,-0.0045045045045044585
2020-08-12,19.94,20.1,19.85,20.1,1233230,0.010558069381598756
2020-08-13,20.29,20.29,20.1,20.29,1709100,0.009452736318407817
2020-08-14,20.36,20.4,20.08,20.23,1633770,-0.0029571217348446366
2020-08-17,20.27,20.32,20.1,20.32,1048820,0.004448838358872997
2020-08-18,20.32,20.38,20.23,20.25,625200,-0.0034448818897637734
2020-08-19,20.27,20.34,20.17,20.25,877190,0.0
2020-08-20,20.27,20.51,20.25,20.34,1824430,0.004444444444444473
2020-08-21,20.43,20.53,20.4,20.49,1260210,0.007374631268436405
2020-08-24,20.73,21.01,20.68,20.94,3540210,0.02196193265007329
2020-08-25,21.01,21.16,20.99,21.12,3304670,0.008595988538681931
2020-08-26,21.1,21.12,20.84,20.92,1328990,-0.009469696969696906
2020-08-27,20.86,21.66,20.86,21.55,3724990,0.030114722753346035
2020-08-28,21.7,22.09,21.57,21.57,4009380,0.0009280742459396585
2020-08-31,21.57,21.74,21.33,21.4,1940640,-0.007881316643486458
2020-09-01,21.4,21.83,21.33,21.57,1757410,0.007943925233644844
2020-09-03,21.79,21.83,21.57,21.79,2281510,0.010199350950393926
2020-09-04,21.4,21.61,21.4,21.61,1538510,-0.008260670032124828
2020-09-07,21.59,21.61,20.97,20.97,2270970,-0.02961591855622403
2020-09-08,21.07,21.4,20.97,21.4,1628870,0.02050548402479735
2020-09-09,21.03,21.4,21.01,21.27,1490820,-0.006074766355140149
2020-09-10,21.4,21.53,21.23,21.27,1005950,0.0
2020-09-11,21.18,21.27,21.12,21.25,872160,-0.0009402914903620108
2020-09-14,21.29,21.4,21.23,21.31,1127400,0.002823529411764669
2020-09-15,21.4,21.61,21.31,21.61,1906730,0.014077897700610187
2020-09-16,21.61,21.96,21.61,21.83,1918130,0.01018047200370198
2020-09-17,21.74,21.83,21.57,21.61,1563010,-0.010077874484654137
2020-09-18,21.66,22.22,21.61,22.13,3306720,0.02406293382693203
2020-09-21,22.18,22.35,22.13,22.13,1530250,0.0
2020-09-22,21.96,22.18,21.87,22.18,1630570,0.002259376412110381
2020-09-23,22.18,22.26,21.96,22.09,1797680,-0.004057709648331853
2020-09-24,21.92,22.05,21.7,21.83,1728380,-0.011770031688546956
2020-09-25,21.92,21.96,21.61,21.96,1205550,0.00595510765002305
2020-09-28,22.0,22.18,21.87,22.09,1312300,0.005919854280509895
2020-09-29,22.22,22.22,21.7,21.7,1900490,-0.017655047532820323
2020-09-30,21.7,21.79,21.51,21.61,2500310,-0.004147465437787989
2020-10-01,21.7,21.96,21.7,21.96,905510,0.016196205460434987
2020-10-02,21.96,22.09,21.18,21.74,1947940,-0.010018214936247882
2020-10-05,21.79,21.96,21.57,21.83,1498360,0.004139834406623688
2020-10-06,21.96,22.0,21.74,21.83,1520290,0.0
2020-10-07,21.7,21.92,21.7,21.79,1493710,-0.001832340815391631
2020-10-08,21.83,22.26,21.74,22.09,3062690,0.013767783386874788
2020-10-09,22.05,22.13,21.96,21.96,1173500,-0.005885015844273367
2020-10-12,22.0,22.22,21.87,22.0,1550680,0.0018214936247722413
2020-10-13,22.0,22.05,21.83,21.92,1222200,-0.0036363636363635488
2020-10-14,21.96,22.22,21.79,22.05,2409760,0.0059306569343065
2020-10-15,22.13,22.22,21.92,22.13,1925370,0.0036281179138322184
2020-10-16,22.13,23.3,22.0,23.0,5769540,0.03931314957071863
2020-10-19,23.17,23.26,22.91,23.04,2333670,0.0017391304347824654
2020-10-20,22.95,23.04,22.69,23.0,1886160,-0.0017361111111110494
2020-10-21,23.0,23.56,22.82,22.82,3305010,-0.00782608695652176
2020-10-22,22.82,23.34,22.74,23.34,2346540,0.022787028921998242
2020-10-23,23.43,23.56,23.13,23.3,2646310,-0.001713796058269046
2020-10-26,23.3,23.56,22.82,22.82,3852510,-0.02060085836909875
2020-10-27,22.87,23.0,22.52,22.52,3188810,-0.013146362839614456
2020-10-28,22.48,22.65,21.92,21.92,3596230,-0.026642984014209503
2020-10-29,21.79,22.18,21.7,22.0,2719690,0.0036496350364962904
2020-10-30,22.26,22.26,21.83,22.26,1469970,0.01181818181818195
2020-11-02,22.26,22.35,22.13,22.35,866110,0.0040431266846361336
2020-11-03,22.44,22.87,22.35,22.82,2562890,0.021029082774049135
2020-11-04,22.91,23.04,22.69,22.91,1369690,0.003943908851884226
2020-11-05,22.78,23.08,22.48,22.48,1305860,-0.01876909646442604
2020-11-06,22.65,22.82,22.52,22.65,987260,0.007562277580070997
2020-11-09,22.82,23.08,22.78,23.08,2011650,0.018984547461368573
2020-11-10,23.34,23.34,22.91,22.91,1739340,-0.007365684575389886
2020-11-11,23.08,23.08,22.78,22.91,1668230,0.0
2020-11-12,22.91,23.13,22.87,23.13,1234540,0.009602793539938759
2020-11-13,23.26,23.26,23.13,23.26,1318170,0.005620406398616717
2020-11-16,23.34,23.52,22.91,23.04,3713690,-0.009458297506448887
2020-11-17,23.17,23.39,22.91,23.34,2515530,0.01302083333333326
2020-11-18,23.47,23.47,23.21,23.34,1757160,0.0
2020-11-19,23.47,24.21,23.34,23.82,4980430,0.020565552699228773
2020-11-20,23.82,24.16,23.78,23.86,1837360,0.0016792611251048584
2020-11-23,23.86,24.29,23.6,24.16,2824640,0.01257334450963965
2020-11-24,24.16,24.42,23.78,24.04,3003940,-0.004966887417218624
2020-11-25,24.34,24.34,23.86,23.86,1835630,-0.0074875207986688785
2020-11-26,23.99,24.21,23.69,24.08,1635130,0.009220452640402277
2020-11-27,24.16,24.29,24.04,24.29,1986420,0.008720930232558155
2020-11-30,24.51,24.51,23.95,23.95,2761700,-0.013997529847673884
2020-12-01,23.78,23.95,23.69,23.86,3427370,-0.003757828810020847
2020-12-02,23.78,24.08,23.78,24.04,2108200,0.007544006705783701
2020-12-03,24.04,24.08,23.82,24.04,1627980,0.0
2020-12-04,23.95,24.16,23.95,24.08,1380920,0.0016638935108153063
2020-12-07,24.16,24.21,23.99,24.08,1455180,0.0
2020-12-08,24.08,24.47,23.99,24.29,2297110,0.008720930232558155
2020-12-09,24.34,24.99,24.29,24.86,3001820,0.023466447097570953
2020-12-10,24.64,24.94,24.42,24.42,2112490,-0.017699115044247704
2020-12-11,24.47,24.64,24.34,24.64,1750270,0.009009009009008917
2020-12-14,24.64,25.07,24.6,24.73,1443760,0.0036525974025973795
2020-12-15,24.86,24.9,24.47,24.51,2666900,-0.008896077638495758
2020-12-16,24.73,24.86,24.64,24.68,1995530,0.006935944512443726
2020-12-17,24.6,24.68,24.21,24.42,3594500,-0.010534846029173317
2020-12-18,24.42,24.68,24.42,24.6,1532820,0.0073710073710073765
2020-12-21,24.77,24.99,24.68,24.86,2307390,0.010569105691056846
2020-12-22,24.81,25.29,24.68,25.12,2576390,0.01045856798069189
2020-12-23,25.2,25.33,24.73,24.86,1391420,-0.010350318471337605
2020-12-24,24.86,24.99,24.38,24.64,2386210,-0.008849557522123797
2020-12-25,24.64,24.9,24.47,24.9,1625110,0.010551948051948035
2020-12-28,25.03,25.33,24.86,25.03,2197090,0.005220883534136744
2020-12-29,25.03,25.42,24.9,25.33,2172950,0.011985617259288706
2020-12-30,25.46,25.46,25.12,25.12,1204180,-0.008290564547966728
2020-12-31,25.12,25.59,25.07,25.55,2036370,0.017117834394904552
2021-01-04,25.76,26.02,25.63,26.02,2151300,0.018395303326810053
2021-01-05,25.94,27.45,25.85,27.1,2332200,0.04150653343581867
2021-01-06,27.28,27.49,26.93,26.97,1796000,-0.004797047970479751
2021-01-07,27.06,27.19,26.76,27.02,2150200,0.0018539117538005634
2021-01-08,27.23,27.54,27.06,27.36,2720400,0.012583271650629113
2021-01-11,27.62,27.97,27.36,27.97,1972800,0.022295321637426868
2021-01-12,28.1,28.53,27.67,28.44,2435200,0.016803718269574608
2021-01-13,28.49,29.14,28.49,28.75,2612000,0.010900140646975975
2021-01-14,28.75,28.96,28.4,28.7,1777500,-0.0017391304347826875
2021-01-15,28.96,28.96,28.7,28.79,1540400,0.003135888501742068
2021-01-18,28.96,28.96,28.62,28.66,1209000,-0.0045154567558179926
2021-01-19,28.53,28.57,26.67,26.8,3505600,-0.06489881367759942
2021-01-20,27.1,27.54,26.02,27.36,3663800,0.020895522388059584
2021-01-21,27.88,28.44,27.36,28.36,2313100,0.03654970760233911
2021-01-22,28.4,29.18,28.27,28.92,2090300,0.019746121297602448
2021-01-25,28.88,29.48,28.62,28.96,3111900,0.0013831258644536604
2021-01-26,29.18,29.18,28.31,28.53,2597500,-0.014848066298342566
2021-01-27,28.4,28.57,27.19,27.23,2226800,-0.04556607080266384
2021-01-28,25.94,26.93,25.33,25.33,5092400,-0.06977598237238347
2021-01-29,25.5,27.1,25.5,27.1,3211900,0.06987761547572058
2021-02-01,27.84,28.27,26.93,27.45,2017400,0.012915129151291449
2021-02-02,27.28,28.53,27.23,28.53,3264600,0.039344262295082144
2021-02-03,29.18,30.52,28.57,30.26,4173500,0.06063792499123721
2021-02-04,30.39,31.64,30.35,31.34,4398700,0.035690680766688576
2021-02-05,31.56,31.73,31.04,31.51,2084900,0.005424377791959145
2021-02-08,31.47,31.51,30.09,30.82,4035600,-0.021897810218978186
2021-02-09,30.87,32.25,30.26,32.25,4224300,0.04639844256975989
2021-02-17,32.94,34.15,32.81,33.67,3139100,0.044031007751938134
2021-02-18,33.67,33.85,33.11,33.8,2243100,0.0038610038610036312
2021-02-19,33.46,33.72,32.85,33.11,3722700,-0.020414201183431846
2021-02-22,33.11,33.5,32.9,33.2,2319300,0.0027182120205377913
2021-02-23,32.98,33.29,32.25,32.64,3369500,-0.01686746987951815
2021-02-24,32.85,33.07,32.38,32.59,2225200,-0.0015318627450979783
2021-02-25,32.9,32.98,32.21,32.94,1927500,0.010739490641300753
2021-02-26,32.42,33.03,32.38,32.94,1936000,0.0
2021-03-01,33.24,33.72,33.2,33.67,2078100,0.022161505768063305
2021-03-02,34.11,34.11,33.24,33.67,1821700,0.0
2021-03-03,33.72,33.76,33.46,33.59,1599400,-0.0023760023760023286
2021-03-04,33.59,33.63,32.46,32.81,2901500,-0.023221196784757425
2021-03-05,32.68,32.85,32.21,32.81,2507500,0.0
2021-03-08,32.85,33.07,32.59,32.77,1656600,-0.0012191405059432947
2021-03-09,32.42,32.72,32.21,32.42,2182400,-0.010680500457735831
2021-03-10,32.81,33.5,32.42,32.98,2602400,0.017273288093769157
2021-03-11,33.07,33.33,32.9,33.16,1477800,0.00545785324439052
2021-03-12,33.29,33.33,32.98,33.07,2062800,-0.002714113389625905
2021-03-15,33.11,33.5,32.9,33.07,1760900,0.0
2021-03-16,33.29,35.23,33.11,35.02,5111000,0.05896583005745404
2021-03-17,35.23,35.23,34.58,34.93,1603200,-0.0025699600228441533
2021-03-18,35.02,35.02,34.58,35.02,1807500,0.0025765817348983866
2021-03-19,34.58,34.8,34.32,34.5,2247800,-0.014848657909765972
2021-03-22,34.37,34.41,33.85,34.02,2084800,-0.013913043478260834
2021-03-23,33.93,34.58,33.85,34.06,2201700,0.0011757789535566943
2021-03-24,33.67,34.11,33.07,33.29,2480100,-0.022607163828538
2021-03-25,33.5,33.5,33.07,33.11,2305400,-0.005407029137879271
2021-03-26,33.03,33.2,32.21,32.9,2672600,-0.00634249471458781
2021-03-29,33.07,33.76,32.9,33.55,1997700,0.019756838905774954
2021-03-30,33.63,33.72,33.29,33.33,1512500,-0.006557377049180246
2021-03-31,33.33,33.76,33.11,33.59,1373400,0.007800780078007996
2021-04-01,33.67,34.45,33.67,34.45,2500900,0.025602857993450412
2021-04-02,34.76,34.8,34.5,34.5,1950200,0.0014513788098693414
2021-04-05,34.76,34.8,34.11,34.41,1487000,-0.002608695652174031
2021-04-06,34.19,34.58,34.19,34.32,1505800,-0.0026155187445509043
2021-04-07,34.24,34.45,34.19,34.41,1503800,0.002622377622377492
2021-04-08,34.67,34.84,34.37,34.41,1609800,0.0
2021-04-09,34.54,35.88,34.54,35.49,3970400,0.031386224934612184
2021-04-12,35.62,35.62,35.23,35.49,2022500,0.0
2021-04-13,35.45,35.53,34.8,34.89,2038100,-0.01690617075232459
2021-04-14,34.58,35.02,34.37,35.02,2530600,0.003725995987388986
2021-04-15,35.02,35.19,34.5,34.58,2096200,-0.012564249000571293
2021-04-16,34.5,35.1,34.06,34.45,2194600,-0.003759398496240518
2021-04-19,34.58,35.23,34.37,35.23,2380800,0.022641509433962037
2021-04-20,35.36,36.7,35.27,35.84,4742800,0.017314788532500902
2021-04-22,35.49,36.27,34.58,34.58,2271200,-0.03515625000000011
2021-04-23,34.58,35.88,34.45,35.88,3166400,0.03759398496240607
2021-04-26,35.66,35.79,34.8,35.02,2551300,-0.023968784838350077
2021-04-27,34.76,35.19,34.63,34.89,1287100,-0.003712164477441493
2021-04-28,34.63,35.14,34.63,34.93,1366700,0.0011464603038120469
2021-04-29,34.93,35.36,34.93,34.97,2095500,0.001145147437732641
2021-05-04,34.58,36.1,34.58,35.84,2362100,0.02487846725764964
2021-05-05,36.36,36.53,35.75,35.84,2321300,0.0
2021-05-06,35.88,36.1,35.53,35.75,1969000,-0.0025111607142858094
2021-05-07,35.75,36.31,35.58,35.88,2705900,0.0036363636363636598
2021-05-10,35.92,37.18,35.88,37.09,4504300,0.03372352285395763
2021-05-11,37.18,37.44,36.83,36.83,2078700,-0.007009975734699525
2021-05-12,36.74,36.92,36.44,36.92,1844500,0.002443660059733954
2021-05-13,36.74,36.92,36.31,36.31,2558300,-0.016522210184181985
2021-05-14,36.44,37.26,36.36,36.66,1858700,0.009639217846323156
2021-05-17,37.09,37.44,36.83,37.05,1744500,0.010638297872340496
2021-05-18,37.35,37.78,37.26,37.61,2133500,0.015114709851552055
2021-05-19,37.82,39.38,37.52,39.25,2876300,0.043605424089337985
2021-05-20,39.25,41.28,39.08,41.28,3523900,0.05171974522292988
2021-05-21,40.76,41.76,40.2,40.55,3222700,-0.01768410852713187
2021-05-24,40.55,40.59,39.81,40.42,2669500,-0.003205918618988779
2021-05-25,40.42,41.15,40.12,40.55,2156300,0.003216229589312114
2021-05-26,40.72,41.28,40.51,41.2,1992800,0.01602959309494456
2021-05-27,41.2,41.24,40.42,40.55,1745800,-0.015776699029126373
2021-05-28,40.76,41.07,40.51,40.98,1874300,0.010604192355117226
2021-05-31,41.28,42.36,40.94,42.32,3237700,0.03269887750122025
2021-06-01,44.15,44.45,43.7,43.75,3495000,0.033790170132325104
2021-06-02,43.75,43.95,42.69,42.94,3053900,-0.018514285714285816
2021-06-03,42.69,42.89,42.34,42.79,3190800,-0.0034932463903120103
2021-06-04,42.69,42.74,42.09,42.54,3820600,-0.005842486562280924
2021-06-07,42.49,42.54,40.68,41.54,3711200,-0.02350728725905027
2021-06-08,41.18,41.69,40.48,40.58,3486000,-0.023110255175734284
2021-06-09,40.48,41.23,39.68,41.03,3576100,0.011089206505667804
2021-06-10,41.03,41.44,40.68,41.13,2214900,0.002437241043139249
2021-06-11,40.93,42.14,40.83,41.94,2359600,0.01969365426695835
2021-06-14,41.89,42.49,41.69,42.09,2547600,0.003576537911301969
2021-06-15,42.09,42.44,41.79,41.79,1778700,-0.0071275837491091565
2021-06-16,41.84,42.49,41.54,41.74,2462000,-0.0011964584828906277
2021-06-17,41.23,41.74,41.23,41.49,2236400,-0.005989458552946858
2021-06-18,41.74,42.29,41.54,42.09,1681700,0.014461315979754197
2021-06-21,41.99,43.34,41.79,42.99,3878300,0.021382751247327025
2021-06-22,43.24,43.49,42.89,42.89,1760300,-0.0023261223540358422
2021-06-23,42.84,42.99,42.24,42.64,1599900,-0.0058288645371881165
2021-06-24,42.64,42.64,42.14,42.54,1657800,-0.002345215759849917
2021-06-25,42.54,42.89,42.29,42.79,1503400,0.005876821814762678
2021-06-28,43.19,43.24,42.89,43.04,1858800,0.005842486562280813
2021-06-29,43.49,44.7,43.34,44.5,4897800,0.03392193308550184
2021-06-30,44.7,44.75,44.2,44.2,1651100,-0.006741573033707815
2021-07-01,44.25,44.65,44.2,44.65,1700100,0.010180995475113086
2021-07-02,44.85,46.46,44.65,46.16,3873500,0.03381858902575585
2021-07-05,47.71,47.71,45.7,46.56,2934200,0.008665511265164794
2021-07-06,46.46,46.71,43.7,43.7,2640500,-0.061426116838487976
2021-07-07,43.7,45.7,42.69,45.45,4910200,0.040045766590389054
2021-07-08,45.4,45.45,44.7,45.1,2375400,-0.007700770077007757
2021-07-09,45.0,46.21,44.6,45.05,2947000,-0.0011086474501109667
2021-07-12,44.6,45.05,41.99,43.24,6764400,-0.04017758046614861
2021-07-13,43.65,43.85,42.69,43.7,2207400,0.010638297872340496
2021-07-14,44.0,44.0,42.54,42.79,2433500,-0.020823798627002343
2021-07-15,42.54,43.49,42.54,42.89,2714600,0.0023369946249123252
2021-07-16,43.14,44.2,42.94,43.6,2285700,0.01655397528561431
2021-07-19,42.79,43.39,42.44,42.54,3288800,-0.02431192660550463
2021-07-20,42.59,43.6,42.14,43.6,2553700,0.024917724494593285
2021-07-21,43.6,44.15,43.24,43.49,3369200,-0.0025229357798165486
2021-07-22,43.29,45.0,43.29,44.9,4445600,0.03242124626350873
2021-07-23,44.9,46.66,44.55,45.45,6755700,0.012249443207126953
2021-07-26,45.35,47.16,45.3,47.06,5773100,0.035423542354235504
2021-07-27,47.41,47.66,46.46,46.81,5007000,-0.0053123671908201775
2021-07-28,46.61,47.06,46.06,46.21,3346700,-0.0128177739799189
2021-07-29,46.21,47.16,46.06,46.91,3712900,0.015148236312486407
2021-07-30,46.96,47.61,46.61,47.21,4525900,0.0063952248987424465
2021-08-02,47.21,48.52,47.21,48.01,4275900,0.01694556238085143
2021-08-03,48.12,48.22,47.56,48.12,3607200,0.002291189335555055
2021-08-04,48.17,48.32,47.66,48.01,2818400,-0.0022859517871987034
2021-08-05,47.81,48.72,47.66,48.52,2485600,0.010622786919392002
2021-08-06,48.62,48.82,48.12,48.52,3413900,0.0
2021-08-09,48.72,49.07,48.17,48.97,2934500,0.00927452596867262
2021-08-10,49.37,49.42,49.02,49.12,2680700,0.003063099857055329
2021-08-11,49.07,49.12,48.27,48.27,4883200,-0.017304560260586244
2021-08-12,48.12,48.22,46.91,47.11,8399400,-0.02403148953801537
2021-08-13,46.76,47.71,46.71,47.71,3618700,0.012736149437486688
2021-08-16,48.22,48.32,47.92,48.02,1906800,0.006497589603856602
2021-08-17,47.76,48.02,47.46,47.61,2801700,-0.008538109121199566
2021-08-18,47.61,48.17,47.61,47.71,1951000,0.0021003990758243773
2021-08-19,48.22,48.22,47.61,47.97,2721600,0.005449591280653809
2021-08-20,47.97,48.07,46.24,47.1,4349300,-0.01813633520950586
2021-08-23,46.95,46.95,46.19,46.19,3436600,-0.019320594479830255
2021-08-24,46.44,46.7,45.63,46.65,3081500,0.00995886555531511
2021-08-25,46.9,46.9,46.19,46.65,1344000,0.0
2021-08-26,46.7,47.15,46.29,46.39,1758700,-0.005573419078242159
2021-08-27,46.19,46.7,45.99,46.7,1896200,0.0066824746712654814
2021-08-30,47.2,47.2,46.75,46.8,1494800,0.0021413276231261325
2021-08-31,46.85,47.31,46.7,46.9,1952500,0.002136752136752129
2021-09-01,46.75,47.2,46.75,46.9,1353300,0.0
2021-09-06,46.9,48.17,46.85,48.17,3124600,0.027078891257995785
2021-09-07,48.37,48.37,47.46,47.46,2290600,-0.014739464396927526
2021-09-08,47.46,47.81,47.1,47.26,1453800,-0.004214075010535279
2021-09-09,47.26,47.66,47.1,47.31,1393700,0.0010579771476937339
2021-09-10,47.41,47.92,47.41,47.46,1440100,0.003170577045022105
2021-09-13,47.51,47.71,47.15,47.2,1600000,-0.005478297513695662
2021-09-14,47.36,48.07,47.2,47.61,2523200,0.00868644067796609
2021-09-15,47.61,47.92,47.36,47.76,1690100,0.003150598613736566
2021-09-16,47.92,48.22,47.81,48.07,1924700,0.006490787269681775
2021-09-17,48.47,49.23,48.42,48.58,3325700,0.010609527771999083
2021-09-20,48.73,48.83,47.76,47.92,2526100,-0.013585837793330557
2021-09-21,47.41,47.71,46.95,47.46,2697100,-0.009599332220367351
2021-09-22,47.31,47.41,47.05,47.31,2027200,-0.003160556257901348
2021-09-23,47.31,47.61,47.2,47.26,1394200,-0.0010568590150075163
2021-09-24,47.31,47.31,47.05,47.05,1449000,-0.004443504020313127
2021-09-27,47.15,47.46,46.75,46.75,1546100,-0.006376195536663021
2021-09-28,46.54,47.2,46.44,47.2,1393500,0.009625668449197988
2021-09-29,47.2,47.41,46.85,47.31,1177400,0.002330508474576165
2021-09-30,47.46,47.66,47.2,47.2,996900,-0.0023250898330162695
2021-10-01,47.15,47.26,46.95,47.15,1055400,-0.0010593220338983578
2021-10-04,47.2,48.32,46.9,48.02,2277800,0.018451749734888834
2021-10-05,48.22,48.73,47.92,47.92,1392800,-0.0020824656393170216
2021-10-06,47.97,48.07,47.56,47.92,1571300,0.0
2021-10-07,48.17,48.22,47.76,47.86,1497000,-0.0012520868113522488
2021-10-08,48.22,50.5,47.92,50.2,8305600,0.04889260342666124
2021-10-11,50.25,50.4,49.89,50.35,2295500,0.0029880478087649376
2021-10-12,50.35,50.35,50.0,50.25,1125300,-0.0019860973187686426
2021-10-13,50.25,51.52,50.0,50.45,3232500,0.003980099502487677
2021-10-14,50.45,50.76,49.95,50.15,1824200,-0.005946481665014991
2021-10-15,50.45,50.81,49.95,50.2,1702500,0.0009970089730808596
2021-10-18,50.25,50.76,50.05,50.25,2264100,0.0009960159362549792
2021-10-19,50.25,50.5,50.05,50.05,1534300,-0.003980099502487566
2021-10-20,50.1,50.5,49.03,49.54,2248600,-0.010189810189810133
2021-10-21,49.95,50.0,49.08,49.08,2283600,-0.009285425918449719
2021-10-22,49.23,49.44,48.78,48.83,2023400,-0.005093724531377353
2021-10-25,48.83,48.83,48.17,48.17,2938500,-0.013516280974810502
2021-10-26,48.22,49.18,47.86,49.18,1855700,0.020967407099854674
2021-10-27,49.13,49.84,48.98,49.84,2326700,0.013420089467263141
2021-10-28,49.84,49.95,49.34,49.74,1644700,-0.0020064205457464013
2021-10-29,49.74,49.74,49.18,49.18,2382700,-0.011258544431041462
2021-11-01,49.44,49.44,48.52,48.63,2855800,-0.011183407889385877
2021-11-02,48.47,49.23,48.47,48.78,2109100,0.0030845157310301907
2021-11-03,48.83,49.08,48.32,48.78,2680100,0.0
2021-11-04,48.78,49.13,48.58,48.73,1761300,-0.0010250102501025982
2021-11-05,48.83,49.64,48.73,49.54,2169900,0.016622203981120576
2021-11-08,49.54,50.0,49.39,49.44,1687900,-0.002018570851836876
2021-11-09,49.49,49.54,48.73,48.93,1845900,-0.010315533980582492
2021-11-10,48.93,49.23,48.68,49.23,1592400,0.006131207847946074
2021-11-11,49.23,49.74,48.63,48.73,2122200,-0.010156408693885788
2021-11-12,48.83,49.84,48.68,49.74,2240300,0.020726451877693508
2021-11-15,50.0,50.0,49.39,49.39,1908900,-0.007036590269400955
2021-11-16,49.39,50.5,49.13,49.89,3506200,0.010123506782749647
2021-11-17,49.89,49.95,49.74,49.89,1186200,0.0
2021-11-18,49.89,50.1,48.98,48.98,2005000,-0.01824012828222099
2021-11-19,49.49,49.64,48.27,48.37,2481300,-0.012454062882809258
2021-11-22,48.47,48.73,48.22,48.22,1670100,-0.0031010957204878897
2021-11-23,48.22,49.03,48.17,49.03,1150800,0.016798009124844526
2021-11-24,49.08,49.95,48.93,49.69,2445600,0.01346114623699779
2021-11-25,50.0,51.67,49.89,50.76,5487400,0.02153350774803786
2021-11-26,50.81,51.16,50.15,50.2,1996200,-0.011032308904649235
2021-11-29,49.49,50.2,49.49,49.79,1993000,-0.008167330677290918
2021-11-30,49.79,50.0,49.23,49.29,2563100,-0.010042177144004794
2021-12-01,49.49,50.05,49.08,49.84,1254900,0.011158449989856045
2021-12-02,49.54,49.89,49.34,49.34,952900,-0.010032102728731895
2021-12-03,49.64,49.64,48.47,48.47,2009700,-0.01763275233076622
2021-12-06,48.47,48.98,47.81,47.97,2393800,-0.01031565917062105
2021-12-07,48.22,48.73,47.97,48.73,1451000,0.01584323535543053
2021-12-08,48.98,48.98,48.22,48.52,1064800,-0.004309460291401446
2021-12-09,48.27,49.23,48.27,49.23,993100,0.014633140972794667
2021-12-10,48.93,49.23,48.42,48.63,1160000,-0.012187690432662879
2021-12-13,48.98,48.98,48.52,48.73,900200,0.002056343820686646
2021-12-14,48.73,48.93,48.42,48.58,1144500,-0.0030781859224296992
2021-12-15,48.58,48.88,48.52,48.68,808400,0.0020584602717168554
2021-12-16,49.49,49.49,48.47,48.47,1245000,-0.00431388660640919
2021-12-17,48.52,49.23,48.47,48.93,1152100,0.00949040643697141
2021-12-20,48.98,48.98,48.47,48.63,1019800,-0.006131207847945963
2021-12-21,48.58,48.68,48.27,48.32,1112300,-0.006374665844129157
2021-12-22,48.22,48.42,48.02,48.22,1670500,-0.002069536423841112
2021-12-23,48.22,48.22,47.2,47.31,1930300,-0.01887183741186227
2021-12-24,47.46,47.97,47.1,47.61,1186700,0.006341154090044432
2021-12-27,47.81,48.22,47.36,47.97,793700,0.007561436672967936
2021-12-28,47.97,48.17,47.76,47.97,567300,0.0
2021-12-29,48.12,48.12,47.51,47.51,912200,-0.009589326662497455
2021-12-30,47.56,47.86,47.46,47.51,810800,0.0
2021-12-31,47.61,47.92,47.2,47.2,1607400,-0.0065249421174488065
2022-01-04,47.41,47.81,47.36,47.46,1935000,0.005508474576271238
2022-01-05,47.56,47.81,47.46,47.51,1193800,0.0010535187526337086
2022-01-06,47.51,47.71,47.46,47.46,1192400,-0.001052410018943295
2022-01-07,47.26,47.56,47.26,47.41,1016800,-0.0010535187526339307
2022-01-10,47.31,47.46,46.65,46.7,1882400,-0.014975743514026418
2022-01-11,46.7,46.8,45.23,45.43,2509300,-0.02719486081370459
2022-01-12,45.23,45.99,44.92,45.48,1740700,0.0011005943209332347
2022-01-13,46.14,47.05,45.58,46.75,1811800,0.02792436235708018
2022-01-14,46.54,46.75,46.14,46.34,686700,-0.008770053475935735
2022-01-17,45.94,46.34,45.17,45.17,1568400,-0.02524816573154942
2022-01-18,44.82,45.48,44.67,44.72,1209900,-0.00996236440115128
2022-01-19,44.72,45.28,44.67,44.82,744900,0.0022361359570661765
2022-01-20,44.87,46.19,44.82,45.07,1334600,0.0055778670236501515
2022-01-21,45.17,45.58,44.77,44.77,841200,-0.0066563124029287435
2022-01-24,44.77,44.92,43.14,43.3,2024200,-0.0328344873799421
2022-01-25,43.25,44.41,42.64,43.91,1192600,0.014087759815242462
2022-01-26,44.16,44.16,43.4,43.65,913600,-0.005921202459576391
2022-01-27,43.65,44.01,43.35,43.6,719600,-0.001145475372279381
2022-01-28,43.65,45.43,43.6,45.43,1552300,0.04197247706422025
2022-02-07,45.68,45.73,45.17,45.43,518400,0.0
2022-02-08,45.43,46.6,45.43,45.99,845100,0.012326656394453073
2022-02-09,46.54,46.54,45.99,46.04,1142700,0.0010871928680147303
2022-02-10,46.39,46.7,45.78,46.7,974900,0.014335360556038346
2022-02-11,46.6,46.9,46.39,46.49,641600,-0.0044967880085653444
2022-02-14,46.19,46.49,45.88,46.19,774100,-0.006453000645300189
2022-02-15,46.19,46.54,45.94,46.24,655400,0.001082485386447285
2022-02-16,46.54,46.95,46.34,46.34,614200,0.0021626297577854725
2022-02-17,46.65,47.1,46.19,47.1,853700,0.016400517911091983
2022-02-18,46.85,46.95,46.54,46.8,618800,-0.006369426751592466
2022-02-21,46.8,47.71,46.7,47.46,1386000,0.014102564102564275
2022-02-22,47.2,47.36,46.7,47.15,1158200,-0.006531816266329593
2022-02-23,47.0,47.66,47.0,47.2,973800,0.0010604453870626251
2022-02-24,47.2,47.46,45.68,46.7,1349600,-0.010593220338983023
2022-02-25,46.9,47.41,46.75,46.85,1059900,0.0032119914346895317
2022-02-28,46.85,47.46,46.85,47.36,1504600,0.01088580576307363
2022-03-01,47.71,47.71,46.95,47.41,1101900,0.0010557432432432012
2022-03-02,47.2,47.41,47.05,47.26,1088900,-0.0031638894747942903
2022-03-03,47.31,47.71,47.31,47.41,957600,0.0031739314430807575
2022-03-04,47.36,47.61,47.2,47.46,1343800,0.00105462982493143
2022-03-07,47.26,47.66,46.8,47.61,1698000,0.003160556257901348
2022-03-08,47.61,48.42,47.0,48.12,2227500,0.010712035286704502
2022-03-09,48.02,48.98,48.02,48.47,2204000,0.00727348295926844
2022-03-10,48.88,48.88,48.02,48.02,778700,-0.009284093253558834
2022-03-11,47.97,48.02,47.05,47.31,1139000,-0.014785506039150409
2022-03-14,47.2,47.2,45.94,46.6,1943000,-0.015007398013105022
2022-03-15,46.6,46.6,45.58,46.19,1872000,-0.008798283261802653
2022-03-16,46.24,46.85,45.94,46.49,1139600,0.00649491231868371
2022-03-17,46.6,47.05,46.44,46.7,1180600,0.004517100451710165
2022-03-18,47.2,49.03,47.2,48.27,2815100,0.033618843683083544
2022-03-21,48.32,48.73,48.22,48.37,1560700,0.0020716801325875167
2022-03-22,48.73,49.23,48.42,48.93,2079200,0.01157742402315498
2022-03-23,48.98,49.49,48.73,48.98,1975800,0.001021867974657642
2022-03-24,48.73,49.34,48.37,48.73,1823700,-0.005104124132298882
2022-03-25,48.78,48.98,48.52,48.58,1228100,-0.0030781859224296992
2022-03-28,48.47,50.1,48.32,49.79,3501600,0.024907369287772818
2022-03-29,50.05,53.24,50.05,53.24,8224300,0.06929102229363338
2022-03-30,53.7,54.46,53.04,53.8,2830700,0.010518407212622094
2022-03-31,53.55,56.14,53.09,54.31,3472300,0.009479553903345872
2022-04-01,54.26,56.34,53.85,56.34,4317300,0.03737801509850858
2022-04-04,57.61,57.61,55.48,55.48,2687800,-0.015264465743699107
2022-04-05,55.38,56.65,55.33,55.33,1863900,-0.0027036770007209388
2022-04-06,55.02,57.86,55.02,57.36,4179000,0.03668895716609444
2022-04-07,57.71,59.34,56.9,57.51,3915200,0.0026150627615062483
2022-04-08,57.51,57.81,55.07,55.07,4069700,-0.042427403929751306
2022-04-12,55.33,56.59,54.11,55.73,3162100,0.011984746686035885
2022-04-13,55.83,58.42,55.73,58.42,3322800,0.04826843710748263
2022-04-14,58.47,60.35,58.47,59.18,3529400,0.013009243409791038
2022-04-15,58.42,59.84,57.86,58.37,3121400,-0.013687056437985845
2022-04-18,58.37,60.2,57.86,58.63,3356100,0.0044543429844099425
2022-04-19,59.13,59.39,56.85,56.85,4731000,-0.030359884018420602
2022-04-20,56.85,57.36,55.63,56.85,3295000,0.0
2022-04-21,56.44,58.83,56.44,56.85,4068500,0.0
2022-04-22,57.1,57.81,53.8,56.39,5708900,-0.008091468777484678
2022-04-25,55.88,56.29,52.48,52.48,4605900,-0.06933853520127686
2022-04-26,50.86,53.3,49.23,52.94,5431400,0.008765243902439046
2022-04-27,52.03,52.79,51.01,52.28,2529700,-0.012466943709860123
2022-04-28,52.23,54.21,52.03,53.55,2530400,0.02429227237949494
2022-04-29,53.3,54.36,52.89,53.3,3991500,-0.00466853408029877
2022-05-04,53.24,53.75,52.84,53.04,1598400,-0.004878048780487809
2022-05-05,53.09,53.55,51.72,53.14,2194900,0.0018853695324283493
2022-05-06,51.93,52.79,50.86,50.86,2430900,-0.04290553255551377
2022-05-09,49.89,50.25,47.71,47.71,4499100,-0.06193472276838374
2022-05-10,47.71,50.15,46.7,49.95,2816700,0.046950324879480254
2022-05-11,49.74,51.72,49.13,51.72,1667700,0.03543543543543537
2022-05-12,50.4,51.72,48.22,48.52,2591500,-0.06187161639597827
2022-05-13,48.78,50.25,47.26,47.51,4103700,-0.020816158285243302
2022-05-16,49.49,49.49,47.31,47.31,1740900,-0.004209640075773402
2022-05-17,47.2,50.61,46.95,50.61,2045800,0.0697526949904883
2022-05-18,50.61,50.81,49.49,49.59,1934400,-0.020154119739181908
2022-05-19,48.27,49.59,48.27,49.23,1228600,-0.007259528130671655
2022-05-20,49.59,50.2,49.23,49.49,1410400,0.005281332520820747
2022-05-23,49.84,49.84,48.78,48.98,1136900,-0.010305112143867534
2022-05-24,48.98,49.84,48.73,49.84,1384700,0.01755818701510825
2022-05-25,50.5,53.3,50.1,53.3,3770800,0.069422150882825
2022-05-26,53.4,54.36,53.09,53.6,1426400,0.005628517823639934
2022-05-27,53.6,56.85,53.55,56.75,3878400,0.058768656716417844
2022-05-30,56.39,57.05,55.43,56.49,2496900,-0.004581497797356837
2022-05-31,56.49,56.49,54.56,55.78,2157000,-0.012568596211718908
2022-06-01,55.78,57.31,55.73,56.75,2036500,0.01738974542846905
2022-06-02,57.25,58.27,56.39,56.59,2292800,-0.002819383259911823
2022-06-03,56.59,57.86,56.29,57.86,1755900,0.02244212758437869
2022-06-06,57.86,58.88,56.85,57.36,2558200,-0.008641548565502921
2022-06-07,57.2,58.68,55.12,58.68,3908000,0.023012552301255207
2022-06-08,59.03,59.69,58.12,58.37,2660400,-0.0052828902522154
2022-06-09,58.63,58.83,57.51,58.52,1706300,0.002569813260236531
2022-06-10,57.56,58.22,55.83,55.83,2972500,-0.04596719070403288
2022-06-13,54.09,55.81,52.86,52.98,3393300,-0.05104782375067174
2022-06-14,52.86,55.26,52.55,54.77,2308300,0.03378633446583623
2022-06-15,55.69,55.69,54.09,55.63,1762600,0.01570202665692899
2022-06-16,55.93,57.65,55.44,56.55,2517500,0.016537839295344137
2022-06-17,55.5,56.92,54.7,56.55,2321400,0.0
2022-06-20,57.47,58.08,56.12,56.55,2483900,0.0
2022-06-21,56.79,57.47,54.7,54.77,2460200,-0.031476569407603794
2022-06-22,55.2,55.56,51.88,51.94,2971400,-0.05167062260361521
2022-06-23,51.63,53.35,51.45,52.55,2022500,0.011744320369657224
2022-06-24,52.92,53.97,52.55,52.55,902400,0.0
2022-06-27,53.11,54.03,52.8,53.17,1254800,0.01179828734538546
2022-06-28,55.01,55.44,53.6,55.13,2296600,0.03686289260861386
2022-06-29,54.64,55.32,54.21,55.32,1182600,0.003446399419553714
2022-06-30,55.01,55.26,52.98,52.98,1506500,-0.04229934924078094
2022-07-01,53.47,54.58,52.12,54.09,1696500,0.020951302378256154
2022-07-04,54.4,54.4,52.86,53.29,1005500,-0.014790164540580575
2022-07-05,53.97,53.97,52.49,52.49,1395600,-0.015012197410395944
2022-07-06,51.69,52.8,51.32,51.32,2232400,-0.022289959992379482
2022-07-07,51.57,52.0,51.08,51.08,1286300,-0.004676539360872978
2022-07-08,51.57,51.63,51.08,51.38,910400,0.005873140172278912
2022-07-11,52.0,52.0,50.89,50.89,998100,-0.0095367847411445
2022-07-12,50.89,51.32,50.83,51.32,602800,0.008449597170367529
2022-07-13,51.63,51.63,50.71,50.71,1140700,-0.01188620420888542
2022-07-14,50.89,51.32,50.52,50.89,891300,0.0035495957404851897
2022-07-15,51.63,51.63,50.52,50.52,1382300,-0.007270583611711512
2022-07-18,50.89,51.94,50.59,51.02,1264900,0.009897070467141722
2022-07-19,50.95,51.02,50.52,51.02,1185400,0.0
2022-07-20,52.25,52.8,51.63,52.18,2848900,0.022736181889455143
2022-07-21,52.8,52.8,51.94,52.25,1804200,0.00134151015714834
2022-07-22,53.11,53.17,52.31,52.31,1307200,0.0011483253588517872
2022-07-25,53.47,53.47,52.31,52.49,2245900,0.0034410246606766393
2022-07-26,52.86,52.86,52.12,52.12,1128800,-0.007048961706991874
2022-07-27,52.0,52.37,51.88,52.37,771100,0.0047966231772831325
2022-07-28,52.37,52.74,51.08,52.18,1664800,-0.0036280313156387134
2022-07-29,52.31,52.37,51.32,51.32,1941800,-0.01648141050210805
2022-08-01,51.63,51.75,51.08,51.63,1815100,0.006040530007794365
2022-08-02,51.63,52.31,51.32,52.25,1879700,0.012008522177028746
2022-08-03,52.25,52.37,51.75,52.12,2249500,-0.0024880382775119836
2022-08-04,52.31,53.23,52.18,52.92,3046800,0.01534919416730629
2022-08-05,52.92,53.6,52.61,52.74,1773100,-0.003401360544217691
2022-08-08,52.8,53.11,52.43,52.86,1586800,0.0022753128555175195
2022-08-09,52.86,53.78,52.68,52.98,2320800,0.002270147559591429
2022-08-10,53.04,53.29,52.86,52.86,1121400,-0.0022650056625140857
2022-08-11,52.98,53.35,52.68,52.86,1852800,0.0
2022-08-12,52.68,53.17,52.68,53.17,1243100,0.005864547862277858
2022-08-15,53.23,54.77,53.23,54.64,3085000,0.027647169456460396
2022-08-16,54.64,54.95,54.15,54.52,1382800,-0.002196193265007307
2022-08-17,54.7,54.77,54.09,54.27,1506200,-0.004585473220836356
2022-08-18,54.03,55.13,54.03,54.27,2552900,0.0
2022-08-19,54.09,54.4,52.98,53.41,1957600,-0.015846692463608036
2022-08-22,53.23,53.66,52.8,53.35,1634000,-0.001123385133870003
2022-08-23,52.92,53.47,52.92,53.47,1085700,0.0022492970946579316
2022-08-24,53.79,53.97,53.54,53.6,1008000,0.0024312698709556546
2022-08-25,53.6,53.91,53.47,53.66,1143900,0.0011194029850745135
2022-08-26,53.72,54.59,53.66,54.22,1936600,0.010436079016026945
2022-08-29,54.1,54.1,52.67,53.79,2228000,-0.007930652895610457
2022-08-30,53.79,54.1,53.47,53.72,1153200,-0.001301357129578018
2022-08-31,53.35,54.1,53.35,53.85,1173700,0.0024199553239017124
2022-09-05,53.79,53.91,53.41,53.6,1020900,-0.00464252553389044
2022-09-06,53.47,53.72,53.35,53.35,1171600,-0.004664179104477584
2022-09-07,53.16,53.41,52.23,52.23,2236400,-0.020993439550140658
2022-09-08,52.29,52.85,52.11,52.42,1135600,0.0036377560788820595
2022-09-09,52.6,52.85,52.42,52.42,1145400,0.0
2022-09-12,52.92,52.98,52.42,52.6,741003,0.0034338038916443825
2022-09-13,52.85,53.04,52.42,52.6,1062534,0.0
2022-09-14,51.92,52.54,51.92,52.23,1319726,-0.007034220532319502
2022-09-15,52.54,52.54,52.04,52.04,787676,-0.0036377560788818375
2022-09-16,52.04,52.17,51.3,51.3,1367082,-0.014219830899308228
2022-09-19,51.3,51.98,50.93,51.67,1791147,0.007212475633528337
2022-09-20,51.67,52.11,51.17,51.86,579770,0.00367718211728274
2022-09-21,51.8,51.8,51.17,51.17,778267,-0.01330505206324717
2022-09-22,50.99,51.61,50.93,51.55,1176159,0.007426226304475092
2022-09-23,51.67,51.67,51.05,51.24,843288,-0.006013579049466422
2022-09-26,50.68,50.99,49.93,50.68,1869134,-0.010928961748633892
2022-09-27,50.99,50.99,50.05,50.05,935561,-0.012430939226519389
2022-09-28,49.81,49.99,48.5,48.5,2052319,-0.03096903096903092
2022-09-29,49.62,49.81,47.88,47.88,1306874,-0.012783505154639108
2022-09-30,47.88,50.24,47.82,50.05,2115328,0.04532163742690054
2022-10-03,49.5,49.93,47.51,47.88,1250717,-0.04335664335664324
2022-10-04,48.5,49.12,48.0,48.19,2043505,0.0064745196324142995
2022-10-05,49.12,49.43,48.75,48.75,973961,0.01162066818842078
2022-10-06,49.06,49.06,47.57,47.57,1269026,-0.024205128205128212
2022-10-07,47.38,47.38,46.01,46.01,2066184,-0.03279377759091873
2022-10-10,45.7,46.95,44.83,46.01,1629697,0.0
2022-10-11,46.01,46.01,44.15,44.15,1596971,-0.040425994349054584
2022-10-12,44.15,45.58,44.15,45.02,1466379,0.019705549263873356
2022-10-13,44.89,45.39,44.46,45.39,830864,0.008218569524655717
2022-10-14,46.26,46.32,45.76,46.01,846734,0.013659396342806662
2022-10-17,45.7,45.95,45.14,45.89,709751,-0.002608128667680898
2022-10-18,46.01,46.82,46.01,46.57,880847,0.014818043146655135
2022-10-19,46.57,47.38,46.45,46.95,1025903,0.008159759501825237
2022-10-20,47.13,48.81,46.82,48.38,1733758,0.030457933972311002
2022-10-21,48.31,48.31,45.95,45.95,1569208,-0.05022736668044647
2022-10-24,45.95,46.32,44.15,44.21,1429975,-0.03786724700761701
2022-10-25,44.4,46.32,44.21,45.52,1567991,0.029631305134584895
2022-10-26,46.32,46.32,45.2,45.89,626989,0.00812829525483294
2022-10-27,46.08,47.38,45.83,47.13,938494,0.027021137502724057
2022-10-28,47.44,47.44,46.45,46.63,878087,-0.010608953957139788
2022-10-31,46.63,47.26,45.83,47.01,1087300,0.008149260132961578
2022-11-01,47.44,47.75,46.63,46.95,563319,-0.0012763241863432695
2022-11-02,46.76,47.26,46.01,46.01,980330,-0.020021299254526226
2022-11-03,46.32,47.07,45.83,46.08,624173,0.0015214083894805608
2022-11-04,46.01,46.01,44.46,45.33,1649525,-0.01627604166666663
2022-11-07,45.14,46.01,45.14,45.14,1574023,-0.004191484667990242
2022-11-08,44.46,45.95,44.4,45.58,947845,0.009747452370403087
2022-11-09,45.58,46.2,45.58,46.01,699349,0.00943396226415083
2022-11-10,45.7,45.83,42.97,45.39,1598605,-0.013475331449684824
2022-11-11,45.45,45.76,44.77,45.27,1004524,-0.0026437541308658163
2022-11-14,44.77,45.02,43.53,44.02,1642109,-0.027612105146896382
2022-11-15,43.53,43.53,40.98,40.98,3123365,-0.0690595184007271
2022-11-16,38.12,43.53,38.12,43.09,3056552,0.051488530990727366
2022-11-17,43.09,44.77,40.11,44.15,1548529,0.02459967509863059
2022-11-18,43.59,44.77,43.03,44.46,1264028,0.007021517553793988
2022-11-21,43.22,44.65,43.22,43.59,842416,-0.019568151147098423
2022-11-22,43.53,44.77,42.97,43.84,1178595,0.005735260380821394
2022-11-23,43.53,44.15,43.34,43.84,467451,0.0
2022-11-24,43.4,44.15,43.15,43.84,789675,0.0
2022-11-25,43.9,44.77,43.84,44.77,1268624,0.021213503649635035
2022-11-28,45.02,46.32,44.96,46.2,1151034,0.03194103194103204
2022-11-29,46.57,46.57,45.39,46.2,1146480,0.0
2022-11-30,46.32,46.57,45.7,46.39,914889,0.004112554112553957
2022-12-01,46.7,47.13,46.08,46.45,1779052,0.0012933821944385304
2022-12-02,46.45,48.31,46.01,48.13,2906008,0.036167922497308824
2022-12-05,48.5,49.12,48.13,48.69,1221587,0.0116351547891127
2022-12-06,48.69,49.06,47.26,47.26,1541582,-0.029369480386116198
2022-12-07,47.19,47.63,46.51,47.57,1031634,0.006559458315700484
2022-12-08,47.82,49.0,47.01,47.88,1269574,0.006516712213580078
2022-12-09,47.44,48.5,47.38,48.5,989370,0.012949039264828599
2022-12-12,48.25,48.62,47.51,47.88,1215379,-0.012783505154639108
2022-12-13,47.38,48.07,46.76,48.0,901395,0.0025062656641603454
2022-12-14,48.0,48.19,47.32,47.44,1159669,-0.011666666666666714
2022-12-15,47.51,48.56,47.51,48.31,1172479,0.01833895446880285
2022-12-16,47.88,48.5,47.51,48.44,912560,0.002690954253777633
2022-12-19,48.69,48.69,47.63,47.63,1028326,-0.016721717588769502
2022-12-20,48.0,48.0,46.88,47.63,787843,0.0
2022-12-21,48.0,48.13,47.07,48.0,545497,0.0077682133109384655
2022-12-22,48.0,48.19,47.26,48.0,659431,0.0
2022-12-23,47.51,48.5,47.38,48.5,1222704,0.01041666666666674
2022-12-26,48.31,48.56,47.51,47.51,833640,-0.020412371134020613
2022-12-27,47.51,48.19,47.26,47.57,806989,0.0012628920227319984
2022-12-28,47.88,47.88,47.26,47.69,590282,0.0025225982762244747
2022-12-29,47.57,47.88,47.38,47.38,656647,-0.006500314531348139
2022-12-30,47.38,47.82,47.26,47.82,629719,0.009286618826509052
2023-01-03,47.82,49.74,47.75,49.74,1538861,0.04015056461731503
2023-01-04,50.24,50.37,49.31,49.74,796544,0.0
2023-01-05,49.87,50.68,49.87,50.12,1014719,0.0076397265782066626
2023-01-06,49.99,50.43,49.87,49.93,721096,-0.0037909018355944957
2023-01-09,50.05,50.3,49.68,49.93,520315,0.0
2023-01-10,50.18,50.55,49.87,49.99,754254,0.0012016823552973843
2023-01-11,49.99,50.74,49.99,50.3,1078639,0.006201240248049578
2023-01-12,50.37,50.68,49.87,50.18,544065,-0.0023856858846917905
2023-01-13,50.05,50.49,49.74,49.74,629501,-0.008768433638899897
2023-01-16,49.81,50.37,49.56,50.24,576876,0.010052271813429936
2023-01-17,50.49,50.99,50.37,50.99,980634,0.014928343949044631
2023-01-18,51.05,51.86,50.86,51.86,956810,0.017062169052755483
2023-01-19,51.61,52.36,51.55,52.17,1329468,0.005977632086386464
2023-01-27,52.29,53.16,52.23,52.23,1145253,0.0011500862564690628
2023-01-30,52.36,52.48,52.04,52.04,893299,-0.0036377560788818375
2023-01-31,51.92,52.04,50.8,51.92,1531495,-0.002305918524212136
2023-02-01,52.23,52.23,50.86,50.99,1051061,-0.017912172573189555
2023-02-02,51.05,51.24,50.55,50.93,1327690,-0.001176701313983175
2023-02-03,50.99,50.99,49.81,49.81,1730152,-0.021990967995287547
2023-02-06,49.74,50.74,49.56,50.05,946115,0.0048183095763902895
2023-02-07,50.05,50.93,50.05,50.18,752838,0.0025974025974027093
2023-02-08,50.24,50.8,50.12,50.49,671553,0.0061777600637704655
2023-02-09,50.37,50.74,50.18,50.18,743939,-0.006139829669241426
2023-02-10,50.43,50.49,50.05,50.18,725810,0.0
2023-02-13,50.18,50.49,49.74,50.18,614692,0.0
2023-02-14,50.18,50.37,49.87,50.24,621417,0.0011956954962135669
2023-02-15,50.05,50.93,49.93,50.74,646219,0.009952229299363013
2023-02-16,50.74,50.99,50.18,50.74,425495,0.0
2023-02-17,50.49,50.74,50.37,50.74,468845,0.0
2023-02-20,50.74,51.61,50.61,51.49,1277504,0.014781237682301995
2023-02-21,51.49,52.04,51.36,51.49,841841,0.0
2023-02-22,51.17,51.3,50.86,50.86,748561,-0.012235385511749852
2023-02-23,50.8,50.8,50.12,50.61,1161953,-0.004915454187967017
2023-02-24,50.43,50.55,49.99,50.24,559986,-0.007310808140683633
2023-02-27,49.74,50.05,49.68,49.93,1016698,-0.0061703821656051705
2023-02-28,49.74,50.18,49.43,50.05,525466,0.0024033647105947686
2023-03-01,49.43,50.05,48.94,50.05,1377551,0.0
2023-03-02,49.74,50.05,49.62,49.74,431732,-0.006193806193806051
2023-03-03,49.31,49.74,48.81,48.81,741791,-0.01869722557297948
2023-03-06,48.56,49.62,48.56,48.62,818674,-0.003892644949805457
2023-03-07,49.18,49.68,49.0,49.0,793553,0.007815713698066773
2023-03-08,48.81,49.43,48.81,49.43,511968,0.008775510204081627
2023-03-09,49.43,50.18,49.25,50.12,641624,0.01395913412907146
2023-03-10,49.87,49.99,49.12,49.43,641543,-0.013766959297685455
2023-03-13,48.56,49.37,48.56,49.06,887883,-0.007485332793849886
2023-03-14,49.12,49.18,48.81,48.94,428257,-0.0024459845087648757
2023-03-15,49.18,50.05,49.18,50.05,693264,0.022680833673886402
2023-03-16,49.74,49.74,48.75,49.25,850831,-0.015984015984015887
2023-03-17,49.5,49.74,48.87,49.12,430362,-0.002639593908629445
2023-03-20,49.18,49.31,48.25,48.25,771192,-0.0177117263843648
2023-03-21,48.87,48.94,47.94,48.56,537316,0.006424870466321231
2023-03-22,48.62,48.87,48.25,48.81,611402,0.005148270181219106
2023-03-23,48.75,48.81,48.25,48.5,357327,-0.006351157549682518
2023-03-24,48.69,49.0,48.5,48.87,367884,0.007628865979381283
2023-03-27,49.06,49.25,48.81,49.18,768784,0.006343359934520176
2023-03-28,49.25,49.25,48.19,49.25,1001517,0.0014233428222854005
2023-03-29,49.25,49.31,48.87,49.12,405351,-0.002639593908629445
2023-03-30,49.12,49.31,49.0,49.18,409438,0.00122149837133545
2023-03-31,49.18,49.43,49.12,49.18,672646,0.0
2023-04-03,49.37,50.3,49.18,50.3,1172390,0.02277348515656774
2023-04-04,50.3,50.37,49.74,50.05,585746,-0.00497017892644136
2023-04-05,50.05,50.12,49.56,50.12,423371,0.0013986013986013734
2023-04-06,50.18,50.68,49.93,49.93,614350,-0.0037909018355944957
2023-04-07,49.87,50.18,49.74,50.05,360755,0.0024033647105947686
2023-04-10,50.37,50.37,49.81,49.93,771039,-0.0023976023976023386
2023-04-11,49.87,50.05,49.81,49.93,534886,0.0
2023-04-12,49.93,50.05,49.68,49.93,575815,0.0
2023-04-13,49.93,49.99,49.31,49.5,542069,-0.008612056879631513
2023-04-14,49.68,49.81,49.31,49.5,399536,0.0
2023-04-17,49.5,49.56,49.12,49.5,450882,0.0
2023-04-18,49.5,49.74,49.25,49.37,302472,-0.002626262626262643
2023-04-19,49.62,49.62,49.31,49.31,420463,-0.001215312943082747
2023-04-20,49.62,49.62,49.25,49.37,365619,0.0012167917258161243
2023-04-21,49.74,49.74,49.31,49.31,324840,-0.001215312943082747
2023-04-24,49.43,50.12,49.12,49.18,795812,-0.0026363820726019727
2023-04-25,49.18,49.31,48.69,48.75,541028,-0.008743391622610841
2023-04-26,48.56,48.75,48.25,48.69,772857,-0.0012307692307692575
2023-04-27,48.56,49.0,48.56,48.69,221966,0.0
2023-04-28,49.0,49.0,48.19,48.19,946202,-0.010269049086054638
2023-05-04,48.38,48.94,48.25,48.81,498526,0.012865739780037355
2023-05-05,48.87,48.87,48.62,48.75,320239,-0.0012292562999385304
2023-05-08,48.81,49.06,48.75,48.81,364297,0.0012307692307693685
2023-05-09,48.87,49.62,48.87,49.06,607003,0.0051219012497438765
2023-05-10,49.12,49.5,49.12,49.12,633179,0.0012229922543822713
2023-05-11,49.18,49.5,49.12,49.18,477378,0.00122149837133545
2023-05-12,49.31,50.12,49.0,50.05,1085041,0.017690117934119565
2023-05-15,50.61,50.86,50.24,50.37,936340,0.00639360639360631
2023-05-16,50.37,50.8,50.24,50.68,768209,0.006154457018066273
2023-05-17,50.93,51.42,50.43,50.68,977785,0.0
2023-05-18,50.86,51.61,50.61,51.55,1552354,0.017166535122336235
2023-05-19,51.61,51.8,50.86,51.49,1075113,-0.0011639185257030782
2023-05-22,51.49,51.49,50.99,51.3,562355,-0.0036900369003690647
2023-05-23,51.3,51.3,50.61,50.99,657960,-0.006042884990253294
2023-05-24,50.99,51.05,50.43,50.55,465813,-0.008629142969209691
2023-05-25,50.49,51.86,50.37,51.73,1343692,0.023343224530168127
2023-05-26,51.67,51.86,51.17,51.67,865789,-0.0011598685482311355
2023-05-29,51.92,52.04,51.55,51.67,881263,0.0
2023-05-30,51.61,52.79,51.55,52.23,1662064,0.010838010450938462
2023-05-31,52.36,52.36,51.67,52.29,840575,0.0011487650775416913
2023-06-01,52.23,52.23,51.67,51.92,538944,-0.00707592273857327
2023-06-02,51.92,52.42,51.67,52.11,738485,0.0036594761171031553
2023-06-05,52.17,52.98,52.11,52.85,1428499,0.014200729226635955
2023-06-06,53.04,53.04,52.67,53.04,516234,0.0035950804162723227
2023-06-07,52.85,53.1,52.42,52.85,707049,-0.0035822021116138636
2023-06-08,52.67,52.79,51.92,51.98,1246481,-0.01646168401135295
2023-06-09,52.42,52.67,52.04,52.6,681805,0.011927664486341083
2023-06-12,52.54,52.79,51.98,52.79,521246,0.0036121673003801646
2023-06-13,52.48,52.79,52.42,52.48,468477,-0.005872324303845433
2023-06-14,52.42,52.73,52.29,52.36,659704,-0.0022865853658535773
2023-06-15,52.36,52.48,51.98,52.29,800193,-0.0013368983957219305
2023-06-16,52.29,53.6,51.86,52.54,2234265,0.004781028877414384
2023-06-19,52.67,53.16,52.54,52.67,664779,0.0024743052912068464
2023-06-20,52.85,53.35,52.67,53.16,946100,0.009303208657679862
2023-06-21,53.16,53.72,53.1,53.35,707032,0.003574115876598949
2023-06-22,53.54,53.79,52.67,53.16,1021586,-0.0035613870665417435
2023-06-23,53.23,53.23,52.73,52.92,823244,-0.004514672686230181
2023-06-26,52.92,53.35,52.6,53.35,861394,0.008125472411186774
2023-06-27,53.47,54.28,53.47,54.28,1544056,0.017432052483598914
2023-06-28,54.35,54.59,54.1,54.1,967842,-0.003316138540899072
2023-06-29,54.1,54.16,53.79,53.79,563802,-0.00573012939001849
2023-06-30,53.79,53.85,53.47,53.47,734840,-0.00594906116378513
2023-07-03,53.79,53.97,53.47,53.72,1041108,0.004675518982607096
2023-07-04,53.72,54.1,53.6,54.1,1329492,0.0070737155621742875
2023-07-05,54.32,55.34,54.11,54.11,1791184,0.0001848428835489191
2023-07-06,54.11,54.4,53.53,53.96,1522489,-0.0027721308445758375
2023-07-07,53.67,54.61,53.67,54.47,899592,0.009451445515196388
2023-07-10,54.47,54.9,54.18,54.47,1156888,0.0
2023-07-11,54.47,54.54,54.25,54.25,1093461,-0.00403892050670096
2023-07-12,54.25,54.76,54.18,54.47,906936,0.004055299539170498
2023-07-13,54.83,54.83,54.54,54.83,1255041,0.006609142647328703
2023-07-14,55.63,56.64,55.05,56.64,2826852,0.033011125296370736
2023-07-17,57.15,57.29,56.78,57.15,1156882,0.009004237288135597
2023-07-18,57.15,57.15,56.49,56.93,719990,-0.003849518810148722
2023-07-19,56.78,57.07,56.64,56.78,710544,-0.002634814684700504
2023-07-20,56.86,58.81,56.78,58.09,2297840,0.023071504050722114
2023-07-21,57.65,58.59,57.58,58.59,1275567,0.008607333448097831
2023-07-24,58.59,58.81,58.3,58.59,1175667,0.0
2023-07-25,58.59,59.46,58.59,58.81,1060033,0.003754906980713457
2023-07-26,58.74,59.82,58.66,59.82,1273543,0.01717395000850197
2023-07-27,59.89,61.05,59.89,60.55,1421340,0.012203276496155047
2023-07-28,60.4,61.05,60.11,61.05,900725,0.008257638315441795
2023-07-31,61.27,62.06,61.05,61.92,1475315,0.014250614250614246
2023-08-01,61.92,62.43,61.12,61.12,1290289,-0.012919896640826933
2023-08-02,61.12,61.34,60.4,60.4,999318,-0.011780104712041828
2023-08-03,60.62,60.91,59.97,60.55,910770,0.002483443708609201
2023-08-04,60.76,61.12,60.26,60.26,1620226,-0.0047894302229561925
2023-08-07,60.47,61.12,60.26,61.12,755463,0.014271490209093907
2023-08-08,60.76,61.2,60.62,60.91,638510,-0.0034358638743455794
2023-08-09,60.76,61.27,60.04,60.11,985253,-0.013134132326383163
2023-08-10,60.11,60.26,59.46,59.46,1345605,-0.010813508567625973
2023-08-11,59.32,60.04,58.95,59.32,1146772,-0.0023545240497814257
2023-08-14,59.39,60.18,59.32,59.75,1016349,0.007248819959541519
2023-08-15,59.75,60.98,58.95,60.76,1677357,0.01690376569037655
2023-08-16,60.18,61.63,60.18,61.56,2613481,0.013166556945358954
2023-08-17,61.49,63.08,61.49,62.21,3708846,0.010558804418453471
2023-08-18,61.92,63.58,60.98,61.85,4252285,-0.005786850988587
2023-08-21,62.14,62.72,61.85,62.14,2461231,0.0046887631366208105
2023-08-22,62.43,62.57,60.04,62.57,2337900,0.006919858384293542
2023-08-23,62.5,62.79,61.27,62.57,1422837,0.0
2023-08-24,62.57,65.94,62.28,65.87,5269510,0.0527409301582229
2023-08-25,65.5,66.6,65.21,66.31,2802665,0.006679823895551884
2023-08-28,67.33,69.01,66.6,68.79,2969885,0.037400090484089876
2023-08-29,68.79,68.79,67.92,68.5,1556447,-0.004215729030382365
2023-08-30,68.21,71.87,68.14,70.7,2376554,0.03211678832116793
2023-08-31,70.7,71.36,70.33,70.77,1409398,0.000990099009900991
2023-09-05,71.06,72.23,70.84,70.84,1448003,0.0009891196834816984
2023-09-06,71.06,72.45,70.48,72.45,2503495,0.022727272727272707
2023-09-07,72.45,73.77,71.43,71.65,3257432,-0.01104209799861966
2023-09-08,71.36,72.09,70.99,71.43,2122234,-0.0030704815073272496
2023-09-11,72.23,72.82,69.75,71.28,5159148,-0.002099958000840063
2023-09-12,71.28,72.38,71.28,72.38,2687116,0.015432098765431945
2023-09-13,72.38,72.45,71.28,71.72,2895387,-0.009118541033434568
2023-09-14,71.72,71.72,69.89,70.18,2324353,-0.021472392638036686
2023-09-15,70.26,71.57,69.75,71.36,2140173,0.016813907096038694
2023-09-18,70.92,70.92,70.04,70.92,2030801,-0.006165919282511201
2023-09-19,70.84,72.01,70.18,72.01,3588961,0.015369430344049695
2023-09-20,72.31,72.97,72.09,72.09,2449993,0.0011109568115539314
2023-09-21,72.09,72.38,70.48,70.84,3422654,-0.017339436815092202
2023-09-22,69.6,70.99,67.77,70.77,6867488,-0.000988142292490224
2023-09-25,70.99,71.43,69.01,69.01,2102701,-0.024869294898968386
2023-09-26,68.94,69.89,68.14,68.43,2159726,-0.008404579046514926
2023-09-27,68.72,69.01,66.16,69.01,4516129,0.00847581470115455
2023-09-28,68.87,69.01,66.89,68.79,1768685,-0.0031879437762643015
2023-09-29,68.79,69.45,67.92,67.92,1637648,-0.012647187091146983
2023-10-02,68.35,68.65,67.33,68.21,1139848,0.004269729093050456
2023-10-03,67.48,68.43,66.96,67.48,2010673,-0.010702243072863049
2023-10-04,66.82,68.35,66.82,67.7,1593917,0.003260225251926485
2023-10-05,67.92,68.28,67.04,67.04,1370603,-0.009748892171344115
2023-10-06,66.96,67.92,66.6,67.84,1149293,0.01193317422434359
2023-10-09,67.62,69.96,67.48,69.96,3660637,0.031249999999999778
2023-10-10,70.62,71.14,69.82,70.48,3259197,0.007432818753573711
2023-10-11,70.18,71.72,70.18,70.99,2361344,0.007236095346197402
2023-10-12,70.99,71.57,70.26,70.55,1884002,-0.006198056064234403
2023-10-13,70.26,70.48,69.75,70.33,2364522,-0.003118355776045356
2023-10-16,70.84,72.38,70.48,70.84,4979916,0.0072515285084602255
2023-10-17,71.57,71.57,68.14,68.14,2422927,-0.038114059853190274
2023-10-18,69.45,69.45,66.6,68.06,6149090,-0.001174053419430554
2023-10-19,68.79,69.01,67.33,67.33,3033197,-0.010725830149867832
2023-10-20,67.7,68.06,65.94,67.99,2867958,0.00980246546858754
2023-10-23,68.65,68.65,66.45,66.6,1975305,-0.02044418296808359
2023-10-24,67.62,67.62,66.45,67.33,1615528,0.010960960960961108
2023-10-25,67.18,67.84,66.53,66.53,1840166,-0.011881776325560645
2023-10-26,64.62,65.79,62.94,63.52,5919549,-0.04524274763264691
2023-10-27,64.04,64.4,63.16,63.67,2039441,0.002361460957178929
2023-10-30,63.67,63.74,62.21,62.21,1873591,-0.022930736610648705
2023-10-31,62.28,62.43,60.74,60.74,3095467,-0.023629641536730417
2023-11-01,61.69,62.5,60.45,62.5,2178980,0.028975963121501414
2023-11-02,63.23,65.13,62.87,65.13,2207208,0.042079999999999895
2023-11-03,65.13,65.28,63.67,63.67,4845587,-0.022416705051435448
2023-11-06,64.55,65.06,64.26,64.77,1212457,0.017276582377885985
2023-11-07,64.77,64.99,64.33,64.62,1343408,-0.0023158869847149655
2023-11-08,64.55,67.77,64.4,67.77,2947501,0.04874651810584951
2023-11-09,67.33,68.28,67.18,67.7,2114138,-0.0010329054153754846
2023-11-10,66.96,67.84,66.82,66.96,2409873,-0.010930576070901199
2023-11-13,67.04,67.33,66.23,66.89,1534993,-0.0010454002389485018
2023-11-14,67.33,68.35,66.82,67.77,2000413,0.013155927642397813
2023-11-15,68.57,68.65,67.33,67.62,2420392,-0.002213368747233213
2023-11-16,67.48,68.06,67.04,68.06,1908811,0.0065069506063295535
2023-11-17,68.35,68.43,66.31,66.6,3572003,-0.021451660299735664
2023-11-20,65.94,67.77,65.21,66.38,1659285,-0.0033033033033033066
2023-11-21,67.33,67.33,66.38,67.26,1462987,0.013257005122024879
2023-11-22,67.26,68.14,67.26,68.06,3274558,0.011894142134998509
2023-11-23,68.28,68.57,66.45,66.45,2168399,-0.02365559800176309
2023-11-24,66.45,67.33,66.01,66.74,2251338,0.0043641835966892195
2023-11-27,66.89,66.89,65.94,66.38,1661825,-0.005394066526820507
2023-11-28,66.45,67.26,65.79,66.67,1092670,0.004368785778849249
2023-11-29,67.04,67.33,66.67,67.11,804163,0.006599670016499193
2023-11-30,66.89,68.57,66.82,67.26,1984701,0.002235136343317068
2023-12-01,67.48,67.99,66.82,67.62,1192386,0.00535236396074934
2023-12-04,67.77,68.79,67.77,68.5,3466947,0.013013901212658885
2023-12-05,68.65,70.11,68.57,69.38,3596254,0.01284671532846704
2023-12-06,69.53,69.82,68.87,69.53,1223469,0.0021620063418854585
2023-12-07,69.6,69.75,67.92,69.01,3765052,-0.00747878613548103
2023-12-08,69.01,69.6,68.43,68.94,1747729,-0.0010143457469933281
2023-12-11,69.89,70.04,69.23,69.53,1567612,0.008558166521613009
2023-12-12,69.82,70.84,69.75,70.84,4090519,0.018840788149000476
2023-12-13,71.28,71.28,69.67,69.67,2152046,-0.016516092603049093
2023-12-14,70.11,70.55,69.67,70.4,1715423,0.010477967561360657
2023-12-15,70.4,70.48,69.53,70.4,1477484,0.0
2023-12-18,70.18,70.4,68.57,68.79,2269177,-0.022869318181818143
2023-12-19,68.72,69.23,68.5,69.23,1253010,0.0063962785288558255
2023-12-20,69.01,69.53,68.87,69.31,1351472,0.001155568395204476
2023-12-21,69.23,69.6,68.79,69.6,1758872,0.004184100418409997
2023-12-22,69.53,69.6,69.09,69.23,1276887,-0.005316091954022828
2023-12-25,69.45,70.4,69.38,70.26,2019931,0.014877943088256629
2023-12-26,70.62,72.16,70.55,71.14,3364283,0.012524907486478831
2023-12-27,71.28,71.57,70.92,70.92,1359748,-0.0030924936744447518
2023-12-28,70.99,70.99,70.48,70.7,1199164,-0.0031020868584320516
2023-12-29,70.7,70.99,70.33,70.33,1869204,-0.00523338048090527
2024-01-02,70.92,70.92,70.04,70.18,1717109,-0.0021328025024881514
2024-01-03,69.96,70.62,69.82,70.48,1439581,0.004274722143060572
2024-01-04,70.48,72.01,70.4,71.14,2978466,0.009364358683314311
2024-01-05,71.21,71.36,70.62,71.28,1140908,0.001967950520101125
2024-01-08,71.28,71.94,71.06,71.21,1446808,-0.0009820426487093803
2024-01-09,71.21,71.21,70.7,70.7,1213774,-0.007161915461311508
2024-01-10,70.77,70.92,69.16,69.31,3309732,-0.019660537482319662
2024-01-11,69.31,69.82,69.31,69.53,1373914,0.0031741451450006952
2024-01-12,69.38,69.96,68.87,69.31,2602405,-0.0031641018265496923
2024-01-15,69.53,70.18,69.45,69.82,1315058,0.0073582455634106925
2024-01-16,69.31,70.04,69.31,70.04,811904,0.0031509596104271065
2024-01-17,69.96,70.26,69.53,70.04,1416305,0.0
2024-01-18,70.04,70.26,69.67,69.96,1139263,-0.0011422044545975618
2024-01-19,70.26,70.92,70.04,70.48,1495663,0.007432818753573711
2024-01-22,70.84,70.84,70.11,70.55,1110387,0.0009931895573211946
2024-01-23,70.33,70.55,69.82,69.96,1482899,-0.008362863217576288
2024-01-24,70.11,70.11,69.45,69.53,1725114,-0.006146369353916437
2024-01-25,69.6,70.04,69.38,69.6,847088,0.0010067596720839678
2024-01-26,69.89,70.4,69.75,70.18,927816,0.008333333333333526
2024-01-29,70.18,70.33,69.75,70.18,1062382,0.0
2024-01-30,70.18,70.18,69.82,69.96,950876,-0.0031347962382447525
2024-01-31,69.96,70.26,69.89,70.04,1383416,0.0011435105774730836
2024-02-01,70.18,73.11,70.04,73.11,7803177,0.04383209594517412
2024-02-02,73.33,74.79,73.26,74.65,2885879,0.021064149911093066
2024-02-05,74.65,76.19,74.58,75.75,2701349,0.014735432016074856
2024-02-06,75.82,76.84,75.31,76.19,1890491,0.005808580858085888
2024-02-07,76.62,76.84,76.04,76.77,2130668,0.007612547578422335
2024-02-15,76.99,77.21,75.97,76.11,2254547,-0.00859710824540827
2024-02-16,76.11,76.92,75.97,76.92,2070089,0.010642491131257481
2024-02-19,77.21,78.31,76.84,76.84,2037643,-0.0010400416016640435
2024-02-20,76.99,76.99,76.11,76.33,1848111,-0.006637168141592986
2024-02-21,76.11,78.23,75.75,77.5,3141692,0.015328180269880809
2024-02-22,77.5,77.58,76.55,76.55,1722092,-0.012258064516129097
2024-02-23,77.21,78.09,75.6,76.04,4108378,-0.0066623122142389635
2024-02-26,76.04,79.04,75.75,79.04,4472548,0.03945291951604424
2024-02-27,79.41,80.14,78.6,78.97,2807162,-0.0008856275303644745
2024-02-28,79.04,79.41,77.8,79.41,3466729,0.005571736102317315
2024-02-29,79.19,80.06,78.82,79.77,2829302,0.004533434076312792
2024-03-01,79.92,81.53,79.84,81.09,4028406,0.016547574276043697
2024-03-04,81.24,81.82,81.09,81.53,3092985,0.005426069798988742
2024-03-05,81.53,81.53,80.43,81.02,3390992,-0.006255366122899564
2024-03-06,80.5,80.8,79.33,79.84,3710122,-0.014564305109849296
2024-03-07,79.84,83.36,79.19,81.45,4044840,0.020165330661322534
2024-03-08,81.45,82.41,80.14,80.5,3122548,-0.011663597298956496
2024-03-11,80.5,83.06,80.5,80.5,3389872,0.0
2024-03-12,80.5,83.06,80.5,81.89,2912964,0.017267080745341667
2024-03-13,82.55,85.63,81.97,85.63,5125138,0.0456710221028207
2024-03-14,86.72,86.72,84.67,85.63,3472473,0.0
2024-03-15,85.48,85.48,83.8,84.89,3846741,-0.008641831133948341
2024-03-18,84.75,84.75,81.31,82.7,5898676,-0.025798091648015054
2024-03-19,82.7,82.7,81.31,81.97,3324749,-0.008827085852478933
2024-03-20,82.19,84.16,81.31,83.8,3483551,0.02232524094180799
2024-03-21,84.31,85.04,83.87,85.04,3762372,0.01479713603818622
2024-03-22,85.11,85.11,83.8,84.09,2420313,-0.011171213546566361
2024-03-25,83.5,84.24,83.28,83.43,2799669,-0.007848733499821625
2024-03-26,83.43,84.53,83.14,84.16,1696761,0.008749850173798368
2024-03-27,83.94,84.38,83.5,84.31,1323812,0.00178231939163509
2024-03-28,84.82,85.92,84.38,85.7,2808951,0.01648677499703477
2024-03-29,85.19,85.77,84.89,85.26,1346605,-0.0051341890315051986
2024-04-01,84.89,86.07,84.31,85.48,1980689,0.0025803424818202636
2024-04-02,84.46,85.63,84.46,85.63,2289100,0.0017547964436124275
2024-04-03,84.97,85.63,84.24,84.24,2555654,-0.016232628751605804
2024-04-04,84.16,84.75,83.43,83.43,2369065,-0.00961538461538447
2024-04-05,82.77,83.94,82.41,83.21,2764447,-0.0026369411482681793
2024-04-08,83.21,83.21,82.41,82.41,1957677,-0.009614229059007329
2024-04-09,82.41,82.85,82.33,82.7,1437679,0.003518990413784895
2024-04-10,83.06,84.6,82.92,83.28,1795600,0.007013301088270918
2024-04-11,83.06,84.46,82.92,84.09,1553032,0.009726224783861648
2024-04-12,84.82,84.82,83.65,84.53,1371708,0.0052324889998811575
2024-04-15,84.53,84.6,81.6,81.67,3709209,-0.03383414172483146
2024-04-16,81.97,82.85,81.6,82.7,3651849,0.01261173013346406
2024-04-17,82.77,82.77,81.67,81.82,1949454,-0.010640870616686948
2024-04-19,80.87,81.38,79.77,79.77,5373515,-0.025054998777804927
2024-04-22,80.5,81.53,79.7,80.72,2403688,0.011909239062304122
2024-04-23,81.16,82.92,80.43,82.19,4041971,0.01821110009910809
2024-04-24,83.14,87.9,82.85,87.9,10179208,0.06947317191872493
2024-04-25,89.65,93.68,89.21,90.16,5718864,0.02571103526734908
2024-04-26,90.02,91.77,89.43,90.16,3402188,0.0
2024-05-02,90.6,94.41,90.38,93.16,3477702,0.03327417923691223
2024-05-03,93.75,93.97,91.92,92.14,3199400,-0.010948905109488982
2024-05-06,92.58,93.38,91.12,93.38,2710850,0.01345778163663991
2024-05-07,93.68,96.31,93.09,96.09,3130425,0.0290212036838724
2024-05-08,95.21,95.87,94.63,95.87,3024432,-0.002289520241440357
2024-05-09,95.58,97.19,95.14,95.36,2208946,-0.005319703765515826
2024-05-10,96.09,96.75,94.55,95.87,3797696,0.005348154362416091
2024-05-13,96.09,96.24,94.26,94.92,1857811,-0.009909252112235367
2024-05-14,95.14,96.38,94.85,95.51,2309312,0.006215760640539525
2024-05-15,96.24,98.43,96.09,98.14,3659473,0.027536383624751304
2024-05-16,99.24,100.48,98.21,99.09,3128143,0.00968004890972085
2024-05-17,99.09,99.53,97.85,98.43,2314616,-0.006660611565243668
2024-05-20,98.95,99.6,97.34,97.34,2020789,-0.01107385959565177
2024-05-21,98.07,99.53,97.7,99.53,3478265,0.022498459009656857
2024-05-22,100.92,102.24,99.6,101.0,4522916,0.014769416256405155
2024-05-23,100.63,100.85,98.8,100.63,3630410,-0.0036633663366336666
2024-05-24,101.0,101.0,95.58,96.53,13398023,-0.04074331710225576
2024-05-27,97.34,97.7,95.58,97.19,5172903,0.0068372526675644085
2024-05-28,98.07,100.26,97.41,100.26,4632228,0.031587611894227985
2024-05-29,100.34,101.14,98.65,99.31,5844515,-0.009475364053461055
2024-05-30,97.92,98.8,96.53,98.8,7273584,-0.005135434498036551
2024-05-31,98.8,100.12,97.92,98.51,2639516,-0.0029352226720646968
2024-06-03,98.8,100.7,98.58,100.19,7782256,0.01705410618211345
2024-06-04,101.73,101.95,100.85,101.8,7019713,0.016069468010779575
2024-06-05,102.46,106.04,102.24,102.53,6336780,0.007170923379174798
2024-06-06,102.68,103.7,101.58,102.17,5222139,-0.003511167463181475
2024-06-07,103.19,103.92,102.82,103.92,3762372,0.017128315552510598
2024-06-10,105.02,106.12,104.65,105.39,3785656,0.014145496535796775
2024-06-11,105.61,107.22,104.73,107.22,6340276,0.017364076288072905
2024-06-12,108.39,112.46,108.3,111.86,11246768,0.04327550830069016
2024-06-13,113.3,113.39,110.17,110.17,8167546,-0.015108170927945586
2024-06-14,110.25,112.37,109.32,111.01,6425220,0.0076245801942453895
2024-06-17,111.01,111.35,108.9,109.15,4890848,-0.016755247275020313
2024-06-18,109.15,109.91,108.47,108.47,6694763,-0.0062299587723316785
2024-06-19,108.47,112.54,107.29,111.44,9684926,0.02738084262929852
2024-06-20,112.71,115.0,111.69,112.96,10482529,0.013639626704953223
2024-06-21,113.47,115.34,112.96,115.34,7663338,0.02106940509915023
2024-06-24,114.4,114.83,111.86,111.95,13202385,-0.02939136466100223
2024-06-25,111.01,111.1,108.98,110.17,13723703,-0.01589995533720412
2024-06-26,111.01,111.69,109.66,111.69,7158131,0.013796859399110462
2024-06-27,111.27,113.64,110.85,112.54,6409612,0.007610350076103556
2024-06-28,112.54,112.54,110.51,110.59,6641381,-0.017327172560867243
2024-07-01,110.51,110.51,108.9,108.98,6386361,-0.014558278325345841
2024-07-02,108.98,111.95,108.05,108.47,6735345,-0.004679757753716318
2024-07-03,110.59,112.54,110.25,111.01,7642345,0.023416612888356392
2024-07-04,111.95,115.08,111.95,115.08,8129152,0.03666336366093148
2024-07-05,115.34,118.39,115.34,117.54,7807749,0.02137643378519294
2024-07-08,117.37,118.3,116.52,118.3,5876745,0.00646588395439851
2024-07-09,117.88,118.05,115.25,116.52,9689262,-0.015046491969568865
2024-07-10,115.25,116.1,113.56,113.56,6309470,-0.02540336422931677
2024-07-11,113.64,114.74,112.29,112.71,6857179,-0.007485029940119792
2024-07-12,112.03,115.25,112.03,113.39,3562395,0.006033182503770718
2024-07-15,113.13,114.23,112.12,112.46,3074934,-0.008201781462210178
2024-07-16,113.22,113.98,112.12,113.56,4007693,0.00978125555753162
2024-07-17,113.56,113.64,110.08,111.78,6980219,-0.015674533286368475
2024-07-18,111.35,111.35,108.3,108.39,10828773,-0.03032742887815354
2024-07-19,108.98,109.57,106.78,106.78,6581002,-0.014853768797859601
2024-07-22,106.78,106.78,104.4,105.17,6242427,-0.01507772991196854
2024-07-23,105.85,108.05,105.76,106.35,5323805,0.011219929637729331
2024-07-24,106.35,107.29,105.08,106.78,4160841,0.004043253408556824
2024-07-25,105.25,106.35,105.17,105.93,2569074,-0.007960292189548523
2024-07-26,106.69,108.47,105.42,108.47,3959362,0.02397809874445378
2024-07-29,110.17,110.68,109.32,109.32,4867859,0.007836268092560106
2024-07-30,109.32,109.74,107.62,108.47,2383126,-0.007775338455909164
2024-07-31,107.88,108.98,107.29,108.98,2875191,0.004701760855536197
2024-08-01,109.83,109.91,105.17,105.76,6904015,-0.02954670581758123
2024-08-02,103.47,105.76,102.54,104.4,9975015,-0.012859304084720136
2024-08-05,102.62,104.15,99.49,100.51,10450171,-0.03726053639846738
2024-08-06,101.69,103.3,101.52,102.37,6748144,0.01850562133121092
2024-08-07,102.54,103.39,101.86,103.39,2832328,0.009963856598612875
2024-08-08,103.05,103.73,102.46,102.88,2663832,-0.004932778798723336
2024-08-09,103.73,107.54,103.39,107.54,5511755,0.04529548989113552
2024-08-12,107.54,110.34,106.95,110.17,6204408,0.024456016366003253
2024-08-13,109.91,110.34,108.47,109.91,4110939,-0.0023599891077425994
2024-08-14,110.76,111.44,109.74,109.74,2869469,-0.0015467200436720674
2024-08-15,109.4,109.74,108.64,109.07,2266445,-0.006105339894295625
2024-08-16,109.4,111.01,109.4,110.68,5109223,0.014761162556156782
2024-08-19,111.1,111.35,110.17,110.59,2508560,-0.0008131550415613198
2024-08-20,110.76,112.29,110.76,111.44,3753490,0.007686047563070675
2024-08-21,110.68,113.39,110.68,113.13,6137230,0.015165111270638798
2024-08-22,113.56,113.98,113.13,113.39,3032995,0.002298240961725595
2024-08-23,113.3,113.3,112.2,112.79,3064441,-0.0052914719111032404
2024-08-26,112.96,113.13,111.44,111.44,2598875,-0.01196914620090439
2024-08-27,111.44,112.37,110.51,112.29,2346895,0.007627422828427877
2024-08-28,112.71,113.98,112.62,112.96,2721387,0.0059666933832041025
2024-08-29,112.54,113.39,112.03,113.3,2098979,0.003009915014164255
2024-08-30,113.13,114.32,112.71,114.23,3327420,0.00820829655781119
2024-09-04,112.71,112.71,111.44,112.71,4547807,-0.013306486912369908
2024-09-05,112.71,112.71,109.91,110.68,8071651,-0.018010824239197865
2024-09-06,110.59,112.62,110.42,111.95,3829410,0.011474521142031069
2024-09-09,110.85,111.78,110.25,111.27,2891093,-0.006074140241179138
2024-09-10,111.01,111.01,109.83,110.17,4203583,-0.009885863215601587
2024-09-11,110.17,111.27,110.0,110.68,3196732,0.00462920940364886
2024-09-12,111.01,112.29,111.01,112.12,4124400,0.013010480664980006
2024-09-13,112.03,113.05,111.86,112.71,3191984,0.005262219051016759
2024-09-16,111.69,112.71,111.1,111.1,1921844,-0.01428444681039831
2024-09-17,111.18,112.62,111.18,112.62,2656869,0.013681368136813754
2024-09-18,113.05,114.57,112.62,114.07,5390349,0.012875155389806325
2024-09-19,114.4,115.08,113.81,114.57,5162767,0.004383273428596457
2024-09-20,115.51,116.1,114.4,114.66,3728818,0.0007855459544383603
2024-09-23,115.17,115.17,113.05,113.56,2449563,-0.009593581022152353
2024-09-24,113.56,114.15,113.3,113.98,2017214,0.003698485382176875
2024-09-25,113.81,114.23,113.22,114.23,4486319,0.002193367257413481
2024-09-26,114.4,114.4,113.47,113.81,2821536,-0.0036767924363126925
2024-09-27,113.81,113.9,113.13,113.73,3358474,-0.0007029259291801981
2024-09-30,113.73,113.98,112.71,113.98,3037449,0.002198188692517311
2024-10-01,114.15,115.42,114.15,115.17,4732079,0.01044042814528856
2024-10-02,114.07,115.17,114.07,114.74,1725815,-0.003733611183467933
2024-10-03,114.74,115.34,113.56,113.56,2306560,-0.010284120620533299
2024-10-04,113.81,114.23,113.13,113.64,1473158,0.0007044734061290026
2024-10-07,113.73,114.32,113.22,113.64,1336595,0.0
2024-10-08,113.64,114.49,113.22,113.39,2114750,-0.0021999296022526815
2024-10-09,113.81,115.08,113.81,114.74,2626409,0.011905811799982402
2024-10-10,115.08,120.34,115.08,120.08,9980507,0.04654000348614251
2024-10-11,120.34,121.01,118.3,118.3,3824418,-0.01482345103264493
2024-10-14,119.57,119.74,116.18,116.61,5616349,-0.014285714285714235
2024-10-15,116.61,117.46,115.76,116.1,2869640,-0.004373552868536135
2024-10-16,115.59,116.18,115.25,115.51,2762322,-0.005081826012058532
2024-10-17,115.68,116.18,114.83,116.1,2584896,0.00510778287594138
2024-10-18,116.44,116.78,115.76,116.1,2175065,0.0
2024-10-21,116.1,116.69,114.83,114.83,2688428,-0.010938845822566767
2024-10-22,115.0,115.0,112.71,112.79,6022016,-0.017765392319080364
2024-10-23,112.62,114.23,112.37,113.73,3019672,0.008334072169518647
2024-10-24,113.73,113.81,113.39,113.81,2281798,0.0007034203816056461
2024-10-25,113.81,114.07,113.22,113.56,1843711,-0.0021966435286882025
2024-10-28,113.64,114.4,113.22,114.32,1509996,0.006692497358224747
2024-10-29,114.74,114.83,114.23,114.74,2462885,0.003673897830650752
2024-10-30,114.74,115.17,114.57,115.17,1713550,0.0037476032769740986
2024-10-31,115.17,115.25,114.66,115.17,1244928,0.0
2024-11-01,114.4,114.4,113.22,114.07,2676189,-0.009551098376313405
2024-11-04,114.07,114.07,112.46,112.54,3188263,-0.01341281669150507
2024-11-05,112.71,113.56,112.12,112.37,1663185,-0.0015105740181269312
2024-11-06,112.79,114.07,112.71,114.07,1805646,0.015128593040847127
2024-11-07,114.66,116.61,113.73,114.49,3579749,0.0036819496800211127
2024-11-08,115.34,115.93,114.49,115.08,2110766,0.0051532884968119586
2024-11-11,115.68,118.22,115.25,117.2,5301235,0.018421967327076905
2024-11-12,117.46,117.71,115.17,115.93,2921656,-0.010836177474402686
2024-11-13,115.85,117.03,115.34,116.78,3460835,0.00733201069610967
2024-11-14,116.86,118.56,115.25,115.25,4743684,-0.013101558486042109
2024-11-15,114.66,115.0,112.37,113.47,6574421,-0.01544468546637745
2024-11-18,113.56,114.07,112.29,113.56,3910975,0.00079316118797923
2024-11-19,113.13,113.22,110.08,110.17,7652727,-0.029852060584712903
2024-11-20,110.17,112.2,107.37,112.2,8474055,0.01842606880275932
2024-11-21,112.2,112.71,111.01,112.71,3183165,0.004545454545454408
2024-11-22,112.62,113.9,112.29,113.47,2920914,0.006742968680685024
2024-11-25,113.56,113.56,112.88,113.47,1855059,0.0
2024-11-26,113.05,115.17,112.96,114.57,4182343,0.009694192297523552
2024-11-27,114.57,118.39,114.57,117.71,9826373,0.027406825521515188
2024-11-28,118.13,118.64,117.2,118.13,4750858,0.0035680910712769798
2024-11-29,118.13,123.22,117.79,122.29,11617080,0.035215440616270355
2024-12-02,123.14,124.59,120.83,121.34,6629554,-0.007768419331098286
2024-12-03,120.92,124.5,120.92,123.73,5115471,0.019696719960441644
2024-12-04,123.73,124.84,121.86,122.45,5618586,-0.010345106279802785
2024-12-05,122.88,126.72,122.54,126.72,4862983,0.03487137607186597
2024-12-06,129.62,129.62,126.29,127.57,4554818,0.006707702020201989
2024-12-09,127.32,127.57,124.67,125.44,4551406,-0.01669671552872931
2024-12-10,125.52,127.57,125.44,127.57,3603755,0.01698022959183665
2024-12-11,128.0,129.45,127.74,128.43,4828035,0.006741396880144412
2024-12-12,129.62,129.62,127.32,128.17,4158310,-0.0020244491162502154
2024-12-13,127.57,128.77,127.49,127.57,3387167,-0.004681282671451958
2024-12-16,127.66,128.51,127.57,127.91,3296592,0.0026652034177314654
2024-12-17,128.08,128.43,126.04,126.29,5958677,-0.012665155187240984
2024-12-18,126.29,127.83,126.29,126.89,2927454,0.004750969989706144
2024-12-19,125.7,127.15,125.61,126.38,4811922,-0.004019229253684364
2024-12-20,126.72,128.51,126.55,127.57,3544255,0.009416046842854797
2024-12-23,127.57,127.91,126.89,127.83,2520029,0.0020380967312063625
2024-12-24,128.0,128.68,127.49,128.34,2306686,0.003989673785496306
2024-12-25,128.51,129.02,128.34,128.68,2517969,0.002649213027894781
2024-12-26,128.85,129.19,127.23,127.83,2238343,-0.006605533105377703
2024-12-27,127.57,127.91,126.89,127.66,2567003,-0.001329891261832139
2024-12-30,127.49,128.68,126.72,128.43,1986819,0.006031646561178272
2024-12-31,128.6,131.33,128.26,130.13,3612655,0.013236782683173631
2025-01-02,130.13,130.3,128.08,129.71,3179535,-0.0032275416890800157
2025-01-03,129.11,129.11,127.15,127.15,4342125,-0.01973633490093285
2025-01-06,127.23,128.17,126.63,127.4,3472044,0.0019661816751868066
2025-01-07,127.57,129.11,127.57,128.08,3458671,0.005337519623233922
2025-01-08,128.0,128.0,126.38,126.55,3886957,-0.011945658963148142
2025-01-09,126.55,127.32,126.29,126.98,1724571,0.003397866455946419
2025-01-10,126.98,127.23,125.61,125.7,2531304,-0.010080327610647366
2025-01-13,124.67,126.72,123.48,125.95,3495883,0.0019888623707240427
2025-01-14,125.95,126.29,123.82,123.82,2910614,-0.01691147280666938
2025-01-15,124.59,125.01,123.56,124.16,2849518,0.0027459214989500325
2025-01-16,124.76,125.44,123.9,125.01,3577267,0.00684600515463929
2025-01-17,125.1,128.08,124.59,127.15,3543613,0.017118630509559196
2025-01-20,127.15,128.34,126.46,128.0,2222776,0.006685017695635009
2025-01-21,128.43,129.19,127.15,127.91,2487666,-0.0007031250000000266
2025-01-22,127.66,128.51,127.32,127.74,2791445,-0.0013290594949574297
2025-01-23,128.08,133.12,128.0,131.67,7071025,0.03076561766087349
2025-01-24,131.5,131.84,130.9,130.9,3663137,-0.005847953216374102
2025-02-03,126.29,127.32,123.99,124.16,12782345,-0.0514896867838045
2025-02-04,124.59,125.44,123.99,124.76,5484258,0.0048324742268042176
2025-02-05,125.35,125.87,124.42,124.84,5215921,0.0006412311638346324
2025-02-06,125.44,125.7,124.24,125.01,3436430,0.0013617430310797207
2025-02-07,125.01,125.18,124.42,124.67,3871195,-0.0027197824174066687
2025-02-10,124.16,124.16,121.17,121.17,7778331,-0.028074115665356558
2025-02-11,121.34,124.07,119.55,124.07,5374143,0.023933316827597473
2025-02-12,124.24,124.33,123.14,123.73,1894041,-0.002740388490368284
2025-02-13,123.73,123.73,121.77,122.11,2864744,-0.013093025135375469
2025-02-14,122.88,123.73,122.54,123.65,3258612,0.012611579723200483
2025-02-17,123.73,123.73,122.37,122.54,2476462,-0.008976951071573036
2025-02-18,122.71,123.22,122.11,122.79,1670138,0.0020401501550513235
2025-02-19,122.79,123.65,122.11,122.88,3035921,0.0007329587099926815
2025-02-20,123.05,123.39,122.03,122.03,3392942,-0.006917317708333259
2025-02-21,121.86,121.94,120.75,121.17,5328132,-0.0070474473490125256
2025-02-24,121.17,121.17,119.04,119.89,7522473,-0.01056367087562926
2025-02-25,119.81,119.81,117.93,118.61,6832220,-0.01067645341563106
2025-02-26,118.7,121.0,118.53,121.0,3331505,0.020150071663434854
2025-02-27,121.17,121.34,120.06,120.58,3433107,-0.003471074380165251
2025-02-28,119.55,120.4,118.61,119.72,4704828,-0.007132194393763447
2025-03-03,119.89,120.66,119.72,119.89,2546980,0.001419979953224182
2025-03-04,119.04,119.98,118.87,119.47,3480042,-0.003503211277003926
2025-03-05,119.47,119.55,118.7,118.7,2862185,-0.006445132669289366
2025-03-06,119.04,122.45,119.04,120.83,6428376,0.017944397641111998
2025-03-07,120.92,121.77,120.4,120.66,2966941,-0.001406935363734152
2025-03-10,120.75,120.75,118.78,118.87,5343134,-0.014835073760981254
2025-03-11,117.76,118.19,116.91,117.33,5801595,-0.01295532935139232
2025-03-12,117.5,118.36,115.97,115.97,6229823,-0.011591238387454239
2025-03-13,116.14,117.76,116.14,116.48,3630282,0.004397689057514809
2025-03-14,115.71,116.31,111.62,112.13,16174178,-0.03734546703296715
2025-03-17,112.3,112.72,110.59,110.93,6750806,-0.010701863907963904
2025-03-18,111.02,112.81,110.93,110.93,5538119,0.0
2025-03-19,111.02,111.44,105.39,106.32,18229064,-0.04155773911475713
2025-03-20,106.32,108.2,106.24,106.67,8231543,0.003291948833709535
2025-03-21,106.67,110.08,106.67,109.23,6450846,0.023999250023436725
2025-03-24,109.65,110.34,108.63,110.08,5114180,0.007781744941865787
2025-03-25,110.76,110.85,107.95,107.95,5662235,-0.019349563953488302
2025-03-26,107.95,107.95,104.7,104.96,9787345,-0.02769800833719327
2025-03-27,104.11,107.95,103.34,107.69,6486187,0.02600990853658547
2025-03-28,107.6,107.86,105.81,105.81,2959445,-0.01745751694679165
